"date","close"
2014-01-02,1225
2014-01-03,1238.40002441406
2014-01-04,1238.40002441406
2014-01-05,1238.40002441406
2014-01-06,1237.80004882812
2014-01-07,1229.40002441406
2014-01-08,1225.30004882812
2014-01-09,1229.30004882812
2014-01-10,1246.69995117188
2014-01-11,1246.69995117188
2014-01-12,1246.69995117188
2014-01-13,1250.90002441406
2014-01-14,1245.19995117188
2014-01-15,1238.09997558594
2014-01-16,1240
2014-01-17,1251.69995117188
2014-01-18,1251.69995117188
2014-01-19,1251.69995117188
2014-01-20,1251.69995117188
2014-01-21,1242.30004882812
2014-01-22,1239
2014-01-23,1262.59997558594
2014-01-24,1264.5
2014-01-25,1264.5
2014-01-26,1264.5
2014-01-27,1263.59997558594
2014-01-28,1251
2014-01-29,1262.19995117188
2014-01-30,1242.19995117188
2014-01-31,1240.09997558594
2014-02-01,1240.09997558594
2014-02-02,1240.09997558594
2014-02-03,1260.40002441406
2014-02-04,1251.69995117188
2014-02-05,1257.30004882812
2014-02-06,1257.59997558594
2014-02-07,1263.30004882812
2014-02-08,1263.30004882812
2014-02-09,1263.30004882812
2014-02-10,1274.80004882812
2014-02-11,1290.09997558594
2014-02-12,1295.30004882812
2014-02-13,1300.40002441406
2014-02-14,1319
2014-02-15,1319
2014-02-16,1319
2014-02-17,1319
2014-02-18,1324.69995117188
2014-02-19,1320.59997558594
2014-02-20,1317.09997558594
2014-02-21,1323.90002441406
2014-02-22,1323.90002441406
2014-02-23,1323.90002441406
2014-02-24,1338.30004882812
2014-02-25,1343
2014-02-26,1328.19995117188
2014-02-27,1331.59997558594
2014-02-28,1321.40002441406
2014-03-01,1321.40002441406
2014-03-02,1321.40002441406
2014-03-03,1350.09997558594
2014-03-04,1337.80004882812
2014-03-05,1340.19995117188
2014-03-06,1351.69995117188
2014-03-07,1338.09997558594
2014-03-08,1338.09997558594
2014-03-09,1338.09997558594
2014-03-10,1341.40002441406
2014-03-11,1346.5
2014-03-12,1370.30004882812
2014-03-13,1372.19995117188
2014-03-14,1379
2014-03-15,1379
2014-03-16,1379
2014-03-17,1372.90002441406
2014-03-18,1359
2014-03-19,1341.40002441406
2014-03-20,1330.5
2014-03-21,1336
2014-03-22,1336
2014-03-23,1336
2014-03-24,1311.19995117188
2014-03-25,1311.40002441406
2014-03-26,1303.40002441406
2014-03-27,1294.69995117188
2014-03-28,1293.80004882812
2014-03-29,1293.80004882812
2014-03-30,1293.80004882812
2014-03-31,1283.40002441406
2014-04-01,1279.59997558594
2014-04-02,1290.5
2014-04-03,1284.40002441406
2014-04-04,1303.19995117188
2014-04-05,1303.19995117188
2014-04-06,1303.19995117188
2014-04-07,1298
2014-04-08,1308.69995117188
2014-04-09,1305.5
2014-04-10,1320.09997558594
2014-04-11,1318.69995117188
2014-04-12,1318.69995117188
2014-04-13,1318.69995117188
2014-04-14,1327.19995117188
2014-04-15,1300
2014-04-16,1303.09997558594
2014-04-17,1293.40002441406
2014-04-18,1293.40002441406
2014-04-19,1293.40002441406
2014-04-20,1293.40002441406
2014-04-21,1288
2014-04-22,1280.59997558594
2014-04-23,1284.19995117188
2014-04-24,1290.5
2014-04-25,1300.69995117188
2014-04-26,1300.69995117188
2014-04-27,1300.69995117188
2014-04-28,1298.90002441406
2014-04-29,1296
2014-04-30,1295.59997558594
2014-05-01,1283.09997558594
2014-05-02,1302.59997558594
2014-05-03,1302.59997558594
2014-05-04,1302.59997558594
2014-05-05,1309
2014-05-06,1308.30004882812
2014-05-07,1288.59997558594
2014-05-08,1287.40002441406
2014-05-09,1287.30004882812
2014-05-10,1287.30004882812
2014-05-11,1287.30004882812
2014-05-12,1295.59997558594
2014-05-13,1294.59997558594
2014-05-14,1305.69995117188
2014-05-15,1293.5
2014-05-16,1293.30004882812
2014-05-17,1293.30004882812
2014-05-18,1293.30004882812
2014-05-19,1293.69995117188
2014-05-20,1294.5
2014-05-21,1288
2014-05-22,1294.90002441406
2014-05-23,1291.59997558594
2014-05-24,1291.59997558594
2014-05-25,1291.59997558594
2014-05-26,1291.59997558594
2014-05-27,1265.40002441406
2014-05-28,1259.30004882812
2014-05-29,1256.30004882812
2014-05-30,1245.59997558594
2014-05-31,1245.59997558594
2014-06-01,1245.59997558594
2014-06-02,1243.69995117188
2014-06-03,1244.30004882812
2014-06-04,1244
2014-06-05,1253
2014-06-06,1252.09997558594
2014-06-07,1252.09997558594
2014-06-08,1252.09997558594
2014-06-09,1253.5
2014-06-10,1259.80004882812
2014-06-11,1260.80004882812
2014-06-12,1273.59997558594
2014-06-13,1273.69995117188
2014-06-14,1273.69995117188
2014-06-15,1273.69995117188
2014-06-16,1274.90002441406
2014-06-17,1271.69995117188
2014-06-18,1272.40002441406
2014-06-19,1313.69995117188
2014-06-20,1316.19995117188
2014-06-21,1316.19995117188
2014-06-22,1316.19995117188
2014-06-23,1318
2014-06-24,1320.90002441406
2014-06-25,1322.19995117188
2014-06-26,1316.09997558594
2014-06-27,1319
2014-06-28,1319
2014-06-29,1319
2014-06-30,1321.80004882812
2014-07-01,1326.40002441406
2014-07-02,1330.69995117188
2014-07-03,1320.40002441406
2014-07-04,1320.40002441406
2014-07-05,1320.40002441406
2014-07-06,1320.40002441406
2014-07-07,1316.5
2014-07-08,1316
2014-07-09,1323.80004882812
2014-07-10,1338.69995117188
2014-07-11,1337
2014-07-12,1337
2014-07-13,1337
2014-07-14,1306.30004882812
2014-07-15,1296.90002441406
2014-07-16,1299.59997558594
2014-07-17,1316.69995117188
2014-07-18,1309.19995117188
2014-07-19,1309.19995117188
2014-07-20,1309.19995117188
2014-07-21,1313.69995117188
2014-07-22,1306.09997558594
2014-07-23,1304.5
2014-07-24,1290.59997558594
2014-07-25,1303.09997558594
2014-07-26,1303.09997558594
2014-07-27,1303.09997558594
2014-07-28,1303.30004882812
2014-07-29,1298.30004882812
2014-07-30,1294.90002441406
2014-07-31,1281.30004882812
2014-08-01,1293.59997558594
2014-08-02,1293.59997558594
2014-08-03,1293.59997558594
2014-08-04,1287.69995117188
2014-08-05,1284
2014-08-06,1306.69995117188
2014-08-07,1310.80004882812
2014-08-08,1308.90002441406
2014-08-09,1308.90002441406
2014-08-10,1308.90002441406
2014-08-11,1308.5
2014-08-12,1308.80004882812
2014-08-13,1312.80004882812
2014-08-14,1313.90002441406
2014-08-15,1304.5
2014-08-16,1304.5
2014-08-17,1304.5
2014-08-18,1297.69995117188
2014-08-19,1295.09997558594
2014-08-20,1293.40002441406
2014-08-21,1273.69995117188
2014-08-22,1278.59997558594
2014-08-23,1278.59997558594
2014-08-24,1278.59997558594
2014-08-25,1277.30004882812
2014-08-26,1283.80004882812
2014-08-27,1281.90002441406
2014-08-28,1288.69995117188
2014-08-29,1285.80004882812
2014-08-30,1285.80004882812
2014-08-31,1285.80004882812
2014-09-01,1285.80004882812
2014-09-02,1263.69995117188
2014-09-03,1268.90002441406
2014-09-04,1265.09997558594
2014-09-05,1265.80004882812
2014-09-06,1265.80004882812
2014-09-07,1265.80004882812
2014-09-08,1252.69995117188
2014-09-09,1246.80004882812
2014-09-10,1243.5
2014-09-11,1237.40002441406
2014-09-12,1229.90002441406
2014-09-13,1229.90002441406
2014-09-14,1229.90002441406
2014-09-15,1233.59997558594
2014-09-16,1235.19995117188
2014-09-17,1234.40002441406
2014-09-18,1225.69995117188
2014-09-19,1215.30004882812
2014-09-20,1215.30004882812
2014-09-21,1215.30004882812
2014-09-22,1216.80004882812
2014-09-23,1221
2014-09-24,1218.59997558594
2014-09-25,1221.19995117188
2014-09-26,1214.09997558594
2014-09-27,1214.09997558594
2014-09-28,1214.09997558594
2014-09-29,1217.5
2014-09-30,1210.5
2014-10-01,1214.59997558594
2014-10-02,1214.19995117188
2014-10-03,1192.19995117188
2014-10-04,1192.19995117188
2014-10-05,1192.19995117188
2014-10-06,1206.69995117188
2014-10-07,1211.69995117188
2014-10-08,1205.30004882812
2014-10-09,1224.59997558594
2014-10-10,1221
2014-10-11,1221
2014-10-12,1221
2014-10-13,1229.30004882812
2014-10-14,1233.59997558594
2014-10-15,1244.09997558594
2014-10-16,1240.5
2014-10-17,1238.30004882812
2014-10-18,1238.30004882812
2014-10-19,1238.30004882812
2014-10-20,1244
2014-10-21,1251
2014-10-22,1244.80004882812
2014-10-23,1228.5
2014-10-24,1231.19995117188
2014-10-25,1231.19995117188
2014-10-26,1231.19995117188
2014-10-27,1229.09997558594
2014-10-28,1229.19995117188
2014-10-29,1224.30004882812
2014-10-30,1198.09997558594
2014-10-31,1171.09997558594
2014-11-01,1171.09997558594
2014-11-02,1171.09997558594
2014-11-03,1169.40002441406
2014-11-04,1167.40002441406
2014-11-05,1145.40002441406
2014-11-06,1142.30004882812
2014-11-07,1169.59997558594
2014-11-08,1169.59997558594
2014-11-09,1169.59997558594
2014-11-10,1159.59997558594
2014-11-11,1162.80004882812
2014-11-12,1158.90002441406
2014-11-13,1161.09997558594
2014-11-14,1185
2014-11-15,1185
2014-11-16,1185
2014-11-17,1183
2014-11-18,1196.69995117188
2014-11-19,1193.59997558594
2014-11-20,1190.69995117188
2014-11-21,1197.5
2014-11-22,1197.5
2014-11-23,1197.5
2014-11-24,1195.5
2014-11-25,1197.09997558594
2014-11-26,1196.59997558594
2014-11-27,1196.59997558594
2014-11-28,1175.19995117188
2014-11-29,1175.19995117188
2014-11-30,1175.19995117188
2014-12-01,1218
2014-12-02,1199.19995117188
2014-12-03,1208.5
2014-12-04,1207.5
2014-12-05,1190.09997558594
2014-12-06,1190.09997558594
2014-12-07,1190.09997558594
2014-12-08,1194.69995117188
2014-12-09,1231.5
2014-12-10,1228.90002441406
2014-12-11,1225.09997558594
2014-12-12,1222
2014-12-13,1222
2014-12-14,1222
2014-12-15,1207.19995117188
2014-12-16,1193.90002441406
2014-12-17,1194.30004882812
2014-12-18,1194.69995117188
2014-12-19,1195.90002441406
2014-12-20,1195.90002441406
2014-12-21,1195.90002441406
2014-12-22,1179.69995117188
2014-12-23,1177.90002441406
2014-12-24,1173.5
2014-12-25,1173.5
2014-12-26,1195.30004882812
2014-12-27,1195.30004882812
2014-12-28,1195.30004882812
2014-12-29,1181.69995117188
2014-12-30,1200.19995117188
2014-12-31,1183.90002441406
2015-01-01,1183.90002441406
2015-01-02,1186
2015-01-03,1186
2015-01-04,1186
2015-01-05,1203.90002441406
2015-01-06,1219.30004882812
2015-01-07,1210.59997558594
2015-01-08,1208.40002441406
2015-01-09,1216
2015-01-10,1216
2015-01-11,1216
2015-01-12,1232.69995117188
2015-01-13,1234.30004882812
2015-01-14,1234.40002441406
2015-01-15,1264.69995117188
2015-01-16,1276.90002441406
2015-01-17,1276.90002441406
2015-01-18,1276.90002441406
2015-01-19,1276.90002441406
2015-01-20,1294.19995117188
2015-01-21,1293.69995117188
2015-01-22,1300.69995117188
2015-01-23,1292.59997558594
2015-01-24,1292.59997558594
2015-01-25,1292.59997558594
2015-01-26,1279.40002441406
2015-01-27,1291.69995117188
2015-01-28,1285.90002441406
2015-01-29,1254.59997558594
2015-01-30,1278.5
2015-01-31,1278.5
2015-02-01,1278.5
2015-02-02,1276.19995117188
2015-02-03,1259.69995117188
2015-02-04,1263.80004882812
2015-02-05,1262
2015-02-06,1233.90002441406
2015-02-07,1233.90002441406
2015-02-08,1233.90002441406
2015-02-09,1240.80004882812
2015-02-10,1231.59997558594
2015-02-11,1219
2015-02-12,1220.09997558594
2015-02-13,1226.5
2015-02-14,1226.5
2015-02-15,1226.5
2015-02-16,1226.5
2015-02-17,1208.09997558594
2015-02-18,1199.69995117188
2015-02-19,1207.09997558594
2015-02-20,1204.40002441406
2015-02-21,1204.40002441406
2015-02-22,1204.40002441406
2015-02-23,1200.30004882812
2015-02-24,1196.90002441406
2015-02-25,1201
2015-02-26,1209.59997558594
2015-02-27,1212.59997558594
2015-02-28,1212.59997558594
2015-03-01,1212.59997558594
2015-03-02,1207.69995117188
2015-03-03,1204
2015-03-04,1200.59997558594
2015-03-05,1195.90002441406
2015-03-06,1164.09997558594
2015-03-07,1164.09997558594
2015-03-08,1164.09997558594
2015-03-09,1166.40002441406
2015-03-10,1160.09997558594
2015-03-11,1150.69995117188
2015-03-12,1152.09997558594
2015-03-13,1152.59997558594
2015-03-14,1152.59997558594
2015-03-15,1152.59997558594
2015-03-16,1153.30004882812
2015-03-17,1148.30004882812
2015-03-18,1151.40002441406
2015-03-19,1169.09997558594
2015-03-20,1184.80004882812
2015-03-21,1184.80004882812
2015-03-22,1184.80004882812
2015-03-23,1188
2015-03-24,1191.69995117188
2015-03-25,1197.30004882812
2015-03-26,1205.09997558594
2015-03-27,1199.80004882812
2015-03-28,1199.80004882812
2015-03-29,1199.80004882812
2015-03-30,1184.80004882812
2015-03-31,1183.09997558594
2015-04-01,1208.09997558594
2015-04-02,1200.90002441406
2015-04-03,1200.90002441406
2015-04-04,1200.90002441406
2015-04-05,1200.90002441406
2015-04-06,1218.59997558594
2015-04-07,1210.59997558594
2015-04-08,1203.09997558594
2015-04-09,1193.59997558594
2015-04-10,1204.59997558594
2015-04-11,1204.59997558594
2015-04-12,1204.59997558594
2015-04-13,1199.30004882812
2015-04-14,1192.80004882812
2015-04-15,1201.5
2015-04-16,1198
2015-04-17,1202.90002441406
2015-04-18,1202.90002441406
2015-04-19,1202.90002441406
2015-04-20,1193.5
2015-04-21,1202.90002441406
2015-04-22,1186.90002441406
2015-04-23,1194.40002441406
2015-04-24,1175.19995117188
2015-04-25,1175.19995117188
2015-04-26,1175.19995117188
2015-04-27,1203.30004882812
2015-04-28,1214
2015-04-29,1209.80004882812
2015-04-30,1182.40002441406
2015-05-01,1174.5
2015-05-02,1174.5
2015-05-03,1174.5
2015-05-04,1186.80004882812
2015-05-05,1193.19995117188
2015-05-06,1190.30004882812
2015-05-07,1182.40002441406
2015-05-08,1189.09997558594
2015-05-09,1189.09997558594
2015-05-10,1189.09997558594
2015-05-11,1183.19995117188
2015-05-12,1192.59997558594
2015-05-13,1218.40002441406
2015-05-14,1225.40002441406
2015-05-15,1225.5
2015-05-16,1225.5
2015-05-17,1225.5
2015-05-18,1227.80004882812
2015-05-19,1206.90002441406
2015-05-20,1208.90002441406
2015-05-21,1204.40002441406
2015-05-22,1204.30004882812
2015-05-23,1204.30004882812
2015-05-24,1204.30004882812
2015-05-25,1204.30004882812
2015-05-26,1187.19995117188
2015-05-27,1185.90002441406
2015-05-28,1188.09997558594
2015-05-29,1189.40002441406
2015-05-30,1189.40002441406
2015-05-31,1189.40002441406
2015-06-01,1188.30004882812
2015-06-02,1194.09997558594
2015-06-03,1184.69995117188
2015-06-04,1174.90002441406
2015-06-05,1167.80004882812
2015-06-06,1167.80004882812
2015-06-07,1167.80004882812
2015-06-08,1173.19995117188
2015-06-09,1177.30004882812
2015-06-10,1186.09997558594
2015-06-11,1179.90002441406
2015-06-12,1178.80004882812
2015-06-13,1178.80004882812
2015-06-14,1178.80004882812
2015-06-15,1185.30004882812
2015-06-16,1180.5
2015-06-17,1176.40002441406
2015-06-18,1201.5
2015-06-19,1201.5
2015-06-20,1201.5
2015-06-21,1201.5
2015-06-22,1183.69995117188
2015-06-23,1176.19995117188
2015-06-24,1172.59997558594
2015-06-25,1171.5
2015-06-26,1172.90002441406
2015-06-27,1172.90002441406
2015-06-28,1172.90002441406
2015-06-29,1178.5
2015-06-30,1171.5
2015-07-01,1169
2015-07-02,1163
2015-07-03,1163
2015-07-04,1163
2015-07-05,1163
2015-07-06,1172.90002441406
2015-07-07,1152.40002441406
2015-07-08,1163.30004882812
2015-07-09,1159
2015-07-10,1157.69995117188
2015-07-11,1157.69995117188
2015-07-12,1157.69995117188
2015-07-13,1155.19995117188
2015-07-14,1153.30004882812
2015-07-15,1147.19995117188
2015-07-16,1143.80004882812
2015-07-17,1131.80004882812
2015-07-18,1131.80004882812
2015-07-19,1131.80004882812
2015-07-20,1106.69995117188
2015-07-21,1103.40002441406
2015-07-22,1091.40002441406
2015-07-23,1094
2015-07-24,1085.59997558594
2015-07-25,1085.59997558594
2015-07-26,1085.59997558594
2015-07-27,1096.5
2015-07-28,1096.30004882812
2015-07-29,1092.69995117188
2015-07-30,1088.40002441406
2015-07-31,1094.90002441406
2015-08-01,1094.90002441406
2015-08-02,1094.90002441406
2015-08-03,1089.40002441406
2015-08-04,1090.69995117188
2015-08-05,1085.69995117188
2015-08-06,1090.19995117188
2015-08-07,1094.09997558594
2015-08-08,1094.09997558594
2015-08-09,1094.09997558594
2015-08-10,1104.19995117188
2015-08-11,1107.59997558594
2015-08-12,1123.19995117188
2015-08-13,1115.69995117188
2015-08-14,1112.90002441406
2015-08-15,1112.90002441406
2015-08-16,1112.90002441406
2015-08-17,1118.59997558594
2015-08-18,1117.09997558594
2015-08-19,1128.09997558594
2015-08-20,1153
2015-08-21,1159.59997558594
2015-08-22,1159.59997558594
2015-08-23,1159.59997558594
2015-08-24,1153.40002441406
2015-08-25,1138.19995117188
2015-08-26,1124.59997558594
2015-08-27,1122.40002441406
2015-08-28,1133.09997558594
2015-08-29,1133.09997558594
2015-08-30,1133.09997558594
2015-08-31,1131.59997558594
2015-09-01,1138.69995117188
2015-09-02,1132.5
2015-09-03,1123.69995117188
2015-09-04,1120.59997558594
2015-09-05,1120.59997558594
2015-09-06,1120.59997558594
2015-09-07,1120.59997558594
2015-09-08,1120.40002441406
2015-09-09,1102.19995117188
2015-09-10,1109.5
2015-09-11,1103.5
2015-09-12,1103.5
2015-09-13,1103.5
2015-09-14,1107.69995117188
2015-09-15,1102.80004882812
2015-09-16,1119.19995117188
2015-09-17,1117.30004882812
2015-09-18,1138.09997558594
2015-09-19,1138.09997558594
2015-09-20,1138.09997558594
2015-09-21,1133.09997558594
2015-09-22,1125
2015-09-23,1131.59997558594
2015-09-24,1153.80004882812
2015-09-25,1146
2015-09-26,1146
2015-09-27,1146
2015-09-28,1132
2015-09-29,1127.09997558594
2015-09-30,1115.5
2015-10-01,1114.19995117188
2015-10-02,1137.09997558594
2015-10-03,1137.09997558594
2015-10-04,1137.09997558594
2015-10-05,1138.09997558594
2015-10-06,1146.80004882812
2015-10-07,1149
2015-10-08,1144.69995117188
2015-10-09,1156.30004882812
2015-10-10,1156.30004882812
2015-10-11,1156.30004882812
2015-10-12,1164.90002441406
2015-10-13,1165.80004882812
2015-10-14,1180.09997558594
2015-10-15,1187.90002441406
2015-10-16,1183.59997558594
2015-10-17,1183.59997558594
2015-10-18,1183.59997558594
2015-10-19,1173.30004882812
2015-10-20,1178
2015-10-21,1167.59997558594
2015-10-22,1166.59997558594
2015-10-23,1163.30004882812
2015-10-24,1163.30004882812
2015-10-25,1163.30004882812
2015-10-26,1167
2015-10-27,1166.80004882812
2015-10-28,1177.09997558594
2015-10-29,1147.19995117188
2015-10-30,1141.5
2015-10-31,1141.5
2015-11-01,1141.5
2015-11-02,1135.80004882812
2015-11-03,1114.19995117188
2015-11-04,1106.5
2015-11-05,1104.40002441406
2015-11-06,1087.59997558594
2015-11-07,1087.59997558594
2015-11-08,1087.59997558594
2015-11-09,1087.90002441406
2015-11-10,1088.19995117188
2015-11-11,1084.69995117188
2015-11-12,1080.80004882812
2015-11-13,1080.80004882812
2015-11-14,1080.80004882812
2015-11-15,1080.80004882812
2015-11-16,1083.69995117188
2015-11-17,1068.69995117188
2015-11-18,1068.80004882812
2015-11-19,1078
2015-11-20,1076.40002441406
2015-11-21,1076.40002441406
2015-11-22,1076.40002441406
2015-11-23,1066.80004882812
2015-11-24,1074.30004882812
2015-11-25,1070.5
2015-11-26,1070.5
2015-11-27,1056.19995117188
2015-11-28,1056.19995117188
2015-11-29,1056.19995117188
2015-11-30,1065.80004882812
2015-12-01,1063.80004882812
2015-12-02,1054.19995117188
2015-12-03,1061.69995117188
2015-12-04,1084.5
2015-12-05,1084.5
2015-12-06,1084.5
2015-12-07,1076.40002441406
2015-12-08,1076.30004882812
2015-12-09,1077.59997558594
2015-12-10,1073.09997558594
2015-12-11,1076.90002441406
2015-12-12,1076.90002441406
2015-12-13,1076.90002441406
2015-12-14,1064.69995117188
2015-12-15,1062.90002441406
2015-12-16,1078
2015-12-17,1050.80004882812
2015-12-18,1066.19995117188
2015-12-19,1066.19995117188
2015-12-20,1066.19995117188
2015-12-21,1081.90002441406
2015-12-22,1074.80004882812
2015-12-23,1069.40002441406
2015-12-24,1077.19995117188
2015-12-25,1077.19995117188
2015-12-26,1077.19995117188
2015-12-27,1077.19995117188
2015-12-28,1070.5
2015-12-29,1077.5
2015-12-30,1060.09997558594
2015-12-31,1060.30004882812
2016-01-01,1060.30004882812
2016-01-02,1060.30004882812
2016-01-03,1060.30004882812
2016-01-04,1075.09997558594
2016-01-05,1078.40002441406
2016-01-06,1091.90002441406
2016-01-07,1107.69995117188
2016-01-08,1097.80004882812
2016-01-09,1097.80004882812
2016-01-10,1097.80004882812
2016-01-11,1096.5
2016-01-12,1085.59997558594
2016-01-13,1087.5
2016-01-14,1073.90002441406
2016-01-15,1091.5
2016-01-16,1091.5
2016-01-17,1091.5
2016-01-18,1091.5
2016-01-19,1089.90002441406
2016-01-20,1107.09997558594
2016-01-21,1099.09997558594
2016-01-22,1097.19995117188
2016-01-23,1097.19995117188
2016-01-24,1097.19995117188
2016-01-25,1106.19995117188
2016-01-26,1121.69995117188
2016-01-27,1116.09997558594
2016-01-28,1115.59997558594
2016-01-29,1116.40002441406
2016-01-30,1116.40002441406
2016-01-31,1116.40002441406
2016-02-01,1127.90002441406
2016-02-02,1127.30004882812
2016-02-03,1141.30004882812
2016-02-04,1157.59997558594
2016-02-05,1157.80004882812
2016-02-06,1157.80004882812
2016-02-07,1157.80004882812
2016-02-08,1197.90002441406
2016-02-09,1198.69995117188
2016-02-10,1194.69995117188
2016-02-11,1247.90002441406
2016-02-12,1239.09997558594
2016-02-13,1239.09997558594
2016-02-14,1239.09997558594
2016-02-15,1239.09997558594
2016-02-16,1207.90002441406
2016-02-17,1211.09997558594
2016-02-18,1226.09997558594
2016-02-19,1230.40002441406
2016-02-20,1230.40002441406
2016-02-21,1230.40002441406
2016-02-22,1209.5
2016-02-23,1222.30004882812
2016-02-24,1238.69995117188
2016-02-25,1238.19995117188
2016-02-26,1219.80004882812
2016-02-27,1219.80004882812
2016-02-28,1219.80004882812
2016-02-29,1233.90002441406
2016-03-01,1230.30004882812
2016-03-02,1241.09997558594
2016-03-03,1257.40002441406
2016-03-04,1269.90002441406
2016-03-05,1269.90002441406
2016-03-06,1269.90002441406
2016-03-07,1263.19995117188
2016-03-08,1262.09997558594
2016-03-09,1256.59997558594
2016-03-10,1272
2016-03-11,1258.69995117188
2016-03-12,1258.69995117188
2016-03-13,1258.69995117188
2016-03-14,1244.40002441406
2016-03-15,1230.40002441406
2016-03-16,1229.30004882812
2016-03-17,1264.5
2016-03-18,1253.80004882812
2016-03-19,1253.80004882812
2016-03-20,1253.80004882812
2016-03-21,1243.80004882812
2016-03-22,1248.19995117188
2016-03-23,1223.69995117188
2016-03-24,1221.40002441406
2016-03-25,1221.40002441406
2016-03-26,1221.40002441406
2016-03-27,1221.40002441406
2016-03-28,1219.90002441406
2016-03-29,1235.59997558594
2016-03-30,1226.90002441406
2016-03-31,1234.19995117188
2016-04-01,1222.19995117188
2016-04-02,1222.19995117188
2016-04-03,1222.19995117188
2016-04-04,1218
2016-04-05,1228.40002441406
2016-04-06,1222.5
2016-04-07,1236.19995117188
2016-04-08,1242.5
2016-04-09,1242.5
2016-04-10,1242.5
2016-04-11,1256.69995117188
2016-04-12,1259.40002441406
2016-04-13,1246.80004882812
2016-04-14,1225
2016-04-15,1233.09997558594
2016-04-16,1233.09997558594
2016-04-17,1233.09997558594
2016-04-18,1233.59997558594
2016-04-19,1253
2016-04-20,1253.19995117188
2016-04-21,1249
2016-04-22,1228.69995117188
2016-04-23,1228.69995117188
2016-04-24,1228.69995117188
2016-04-25,1238.90002441406
2016-04-26,1242.19995117188
2016-04-27,1249.19995117188
2016-04-28,1265.5
2016-04-29,1289.19995117188
2016-04-30,1289.19995117188
2016-05-01,1289.19995117188
2016-05-02,1294.69995117188
2016-05-03,1290.69995117188
2016-05-04,1273.30004882812
2016-05-05,1271.40002441406
2016-05-06,1292.90002441406
2016-05-07,1292.90002441406
2016-05-08,1292.90002441406
2016-05-09,1265.59997558594
2016-05-10,1263.90002441406
2016-05-11,1274.59997558594
2016-05-12,1270.30004882812
2016-05-13,1271.90002441406
2016-05-14,1271.90002441406
2016-05-15,1271.90002441406
2016-05-16,1273.40002441406
2016-05-17,1276.19995117188
2016-05-18,1273.69995117188
2016-05-19,1254.19995117188
2016-05-20,1252.40002441406
2016-05-21,1252.40002441406
2016-05-22,1252.40002441406
2016-05-23,1251.09997558594
2016-05-24,1228.90002441406
2016-05-25,1223.5
2016-05-26,1220.09997558594
2016-05-27,1213.80004882812
2016-05-28,1213.80004882812
2016-05-29,1213.80004882812
2016-05-30,1213.80004882812
2016-05-31,1214.80004882812
2016-06-01,1211.90002441406
2016-06-02,1209.80004882812
2016-06-03,1240.09997558594
2016-06-04,1240.09997558594
2016-06-05,1240.09997558594
2016-06-06,1244.59997558594
2016-06-07,1244.40002441406
2016-06-08,1259.80004882812
2016-06-09,1270.19995117188
2016-06-10,1273.40002441406
2016-06-11,1273.40002441406
2016-06-12,1273.40002441406
2016-06-13,1284.40002441406
2016-06-14,1285.59997558594
2016-06-15,1285.80004882812
2016-06-16,1296.09997558594
2016-06-17,1292.5
2016-06-18,1292.5
2016-06-19,1292.5
2016-06-20,1290
2016-06-21,1270.5
2016-06-22,1268
2016-06-23,1261.19995117188
2016-06-24,1320
2016-06-25,1320
2016-06-26,1320
2016-06-27,1322.5
2016-06-28,1315.30004882812
2016-06-29,1323.90002441406
2016-06-30,1318.40002441406
2016-07-01,1336.69995117188
2016-07-02,1336.69995117188
2016-07-03,1336.69995117188
2016-07-04,1336.69995117188
2016-07-05,1356.40002441406
2016-07-06,1364.90002441406
2016-07-07,1360.09997558594
2016-07-08,1356.59997558594
2016-07-09,1356.59997558594
2016-07-10,1356.59997558594
2016-07-11,1355
2016-07-12,1334.09997558594
2016-07-13,1342.40002441406
2016-07-14,1331.30004882812
2016-07-15,1326.5
2016-07-16,1326.5
2016-07-17,1326.5
2016-07-18,1328.40002441406
2016-07-19,1331.5
2016-07-20,1318.80004882812
2016-07-21,1330.5
2016-07-22,1323.09997558594
2016-07-23,1323.09997558594
2016-07-24,1323.09997558594
2016-07-25,1319.30004882812
2016-07-26,1320.69995117188
2016-07-27,1326.59997558594
2016-07-28,1332.30004882812
2016-07-29,1349
2016-07-30,1349
2016-07-31,1349
2016-08-01,1351.40002441406
2016-08-02,1364.40002441406
2016-08-03,1356.09997558594
2016-08-04,1358.80004882812
2016-08-05,1336.40002441406
2016-08-06,1336.40002441406
2016-08-07,1336.40002441406
2016-08-08,1333.40002441406
2016-08-09,1339
2016-08-10,1344.30004882812
2016-08-11,1342.5
2016-08-12,1335.80004882812
2016-08-13,1335.80004882812
2016-08-14,1335.80004882812
2016-08-15,1340.30004882812
2016-08-16,1350.5
2016-08-17,1342.69995117188
2016-08-18,1351.19995117188
2016-08-19,1340.40002441406
2016-08-20,1340.40002441406
2016-08-21,1340.40002441406
2016-08-22,1337.69995117188
2016-08-23,1340.59997558594
2016-08-24,1324.40002441406
2016-08-25,1320.09997558594
2016-08-26,1321.5
2016-08-27,1321.5
2016-08-28,1321.5
2016-08-29,1322.90002441406
2016-08-30,1311.69995117188
2016-08-31,1306.90002441406
2016-09-01,1312.19995117188
2016-09-02,1322.09997558594
2016-09-03,1322.09997558594
2016-09-04,1322.09997558594
2016-09-05,1322.09997558594
2016-09-06,1349.40002441406
2016-09-07,1344.30004882812
2016-09-08,1336.80004882812
2016-09-09,1330.09997558594
2016-09-10,1330.09997558594
2016-09-11,1330.09997558594
2016-09-12,1321
2016-09-13,1319
2016-09-14,1321.5
2016-09-15,1313.5
2016-09-16,1305.80004882812
2016-09-17,1305.80004882812
2016-09-18,1305.80004882812
2016-09-19,1313.5
2016-09-20,1313.69995117188
2016-09-21,1326.90002441406
2016-09-22,1340.40002441406
2016-09-23,1337.19995117188
2016-09-24,1337.19995117188
2016-09-25,1337.19995117188
2016-09-26,1339.69995117188
2016-09-27,1325.90002441406
2016-09-28,1319.40002441406
2016-09-29,1321.69995117188
2016-09-30,1313.30004882812
2016-10-01,1313.30004882812
2016-10-02,1313.30004882812
2016-10-03,1309
2016-10-04,1266.30004882812
2016-10-05,1265.19995117188
2016-10-06,1249.80004882812
2016-10-07,1248.90002441406
2016-10-08,1248.90002441406
2016-10-09,1248.90002441406
2016-10-10,1248.90002441406
2016-10-11,1253
2016-10-12,1251.09997558594
2016-10-13,1255
2016-10-14,1253.09997558594
2016-10-15,1253.09997558594
2016-10-16,1253.09997558594
2016-10-17,1254.40002441406
2016-10-18,1260.80004882812
2016-10-19,1267.90002441406
2016-10-20,1265.59997558594
2016-10-21,1265.90002441406
2016-10-22,1265.90002441406
2016-10-23,1265.90002441406
2016-10-24,1262
2016-10-25,1271.90002441406
2016-10-26,1264.80004882812
2016-10-27,1267.90002441406
2016-10-28,1275.5
2016-10-29,1275.5
2016-10-30,1275.5
2016-10-31,1271.5
2016-11-01,1286.40002441406
2016-11-02,1306.80004882812
2016-11-03,1302.09997558594
2016-11-04,1303.30004882812
2016-11-05,1303.30004882812
2016-11-06,1303.30004882812
2016-11-07,1278.30004882812
2016-11-08,1273.40002441406
2016-11-09,1272.59997558594
2016-11-10,1265.5
2016-11-11,1265.5
2016-11-12,1265.5
2016-11-13,1265.5
2016-11-14,1221.19995117188
2016-11-15,1224
2016-11-16,1223.40002441406
2016-11-17,1216.5
2016-11-18,1208.5
2016-11-19,1208.5
2016-11-20,1208.5
2016-11-21,1209.59997558594
2016-11-22,1211
2016-11-23,1189.09997558594
2016-11-24,1189.09997558594
2016-11-25,1178.19995117188
2016-11-26,1178.19995117188
2016-11-27,1178.19995117188
2016-11-28,1190.59997558594
2016-11-29,1187.90002441406
2016-11-30,1170.80004882812
2016-12-01,1166.90002441406
2016-12-02,1175.09997558594
2016-12-03,1175.09997558594
2016-12-04,1175.09997558594
2016-12-05,1174
2016-12-06,1167.59997558594
2016-12-07,1175
2016-12-08,1169.80004882812
2016-12-09,1159.40002441406
2016-12-10,1159.40002441406
2016-12-11,1159.40002441406
2016-12-12,1163.5
2016-12-13,1156.69995117188
2016-12-14,1161.30004882812
2016-12-15,1127.80004882812
2016-12-16,1135.30004882812
2016-12-17,1135.30004882812
2016-12-18,1135.30004882812
2016-12-19,1140.5
2016-12-20,1131.5
2016-12-21,1131.09997558594
2016-12-22,1128.80004882812
2016-12-23,1131.90002441406
2016-12-24,1131.90002441406
2016-12-25,1131.90002441406
2016-12-26,1131.90002441406
2016-12-27,1137.30004882812
2016-12-28,1139.40002441406
2016-12-29,1156.40002441406
2016-12-30,1150
2016-12-31,1150
2017-01-01,1150
2017-01-02,1150
2017-01-03,1160.40002441406
2017-01-04,1163.80004882812
2017-01-05,1179.69995117188
2017-01-06,1171.90002441406
2017-01-07,1171.90002441406
2017-01-08,1171.90002441406
2017-01-09,1183.5
2017-01-10,1184.19995117188
2017-01-11,1195.59997558594
2017-01-12,1198.90002441406
2017-01-13,1195.30004882812
2017-01-14,1195.30004882812
2017-01-15,1195.30004882812
2017-01-16,1195.30004882812
2017-01-17,1212
2017-01-18,1211.30004882812
2017-01-19,1200.90002441406
2017-01-20,1204.30004882812
2017-01-21,1204.30004882812
2017-01-22,1204.30004882812
2017-01-23,1215
2017-01-24,1210.30004882812
2017-01-25,1197.30004882812
2017-01-26,1189.5
2017-01-27,1188.09997558594
2017-01-28,1188.09997558594
2017-01-29,1188.09997558594
2017-01-30,1193.19995117188
2017-01-31,1208.59997558594
2017-02-01,1205.59997558594
2017-02-02,1216.69995117188
2017-02-03,1218.5
2017-02-04,1218.5
2017-02-05,1218.5
2017-02-06,1230
2017-02-07,1234.19995117188
2017-02-08,1237.59997558594
2017-02-09,1235.09997558594
2017-02-10,1234.40002441406
2017-02-11,1234.40002441406
2017-02-12,1234.40002441406
2017-02-13,1224.40002441406
2017-02-14,1223.90002441406
2017-02-15,1231.69995117188
2017-02-16,1240
2017-02-17,1237.59997558594
2017-02-18,1237.59997558594
2017-02-19,1237.59997558594
2017-02-20,1237.59997558594
2017-02-21,1237.5
2017-02-22,1232
2017-02-23,1250.19995117188
2017-02-24,1256.90002441406
2017-02-25,1256.90002441406
2017-02-26,1256.90002441406
2017-02-27,1257.40002441406
2017-02-28,1252.59997558594
2017-03-01,1248.90002441406
2017-03-02,1231.90002441406
2017-03-03,1225.5
2017-03-04,1225.5
2017-03-05,1225.5
2017-03-06,1224.5
2017-03-07,1215.09997558594
2017-03-08,1208.5
2017-03-09,1202.40002441406
2017-03-10,1200.69995117188
2017-03-11,1200.69995117188
2017-03-12,1200.69995117188
2017-03-13,1202.40002441406
2017-03-14,1201.90002441406
2017-03-15,1200.09997558594
2017-03-16,1226.5
2017-03-17,1229.80004882812
2017-03-18,1229.80004882812
2017-03-19,1229.80004882812
2017-03-20,1233.59997558594
2017-03-21,1246.09997558594
2017-03-22,1249.30004882812
2017-03-23,1246.90002441406
2017-03-24,1248.19995117188
2017-03-25,1248.19995117188
2017-03-26,1248.19995117188
2017-03-27,1255.40002441406
2017-03-28,1255.30004882812
2017-03-29,1253.40002441406
2017-03-30,1245
2017-03-31,1247.30004882812
2017-04-01,1247.30004882812
2017-04-02,1247.30004882812
2017-04-03,1250.80004882812
2017-04-04,1255
2017-04-05,1245.40002441406
2017-04-06,1250.30004882812
2017-04-07,1254.30004882812
2017-04-08,1254.30004882812
2017-04-09,1254.30004882812
2017-04-10,1251.09997558594
2017-04-11,1271.19995117188
2017-04-12,1275.30004882812
2017-04-13,1285.90002441406
2017-04-14,1285.90002441406
2017-04-15,1285.90002441406
2017-04-16,1285.90002441406
2017-04-17,1289.40002441406
2017-04-18,1291.69995117188
2017-04-19,1281.40002441406
2017-04-20,1281.90002441406
2017-04-21,1287.40002441406
2017-04-22,1287.40002441406
2017-04-23,1287.40002441406
2017-04-24,1275.80004882812
2017-04-25,1265.59997558594
2017-04-26,1262.09997558594
2017-04-27,1263.69995117188
2017-04-28,1266.09997558594
2017-04-29,1266.09997558594
2017-04-30,1266.09997558594
2017-05-01,1253.30004882812
2017-05-02,1255.09997558594
2017-05-03,1246.40002441406
2017-05-04,1226.5
2017-05-05,1224.80004882812
2017-05-06,1224.80004882812
2017-05-07,1224.80004882812
2017-05-08,1225.30004882812
2017-05-09,1214.30004882812
2017-05-10,1217.30004882812
2017-05-11,1222.69995117188
2017-05-12,1226.19995117188
2017-05-13,1226.19995117188
2017-05-14,1226.19995117188
2017-05-15,1228.59997558594
2017-05-16,1235
2017-05-17,1257.5
2017-05-18,1251.69995117188
2017-05-19,1252.69995117188
2017-05-20,1252.69995117188
2017-05-21,1252.69995117188
2017-05-22,1260.69995117188
2017-05-23,1254.80004882812
2017-05-24,1252.40002441406
2017-05-25,1255.80004882812
2017-05-26,1267.59997558594
2017-05-27,1267.59997558594
2017-05-28,1267.59997558594
2017-05-29,1267.59997558594
2017-05-30,1262.09997558594
2017-05-31,1272
2017-06-01,1267
2017-06-02,1276.80004882812
2017-06-03,1276.80004882812
2017-06-04,1276.80004882812
2017-06-05,1279.30004882812
2017-06-06,1294.40002441406
2017-06-07,1290.09997558594
2017-06-08,1276.30004882812
2017-06-09,1268.5
2017-06-10,1268.5
2017-06-11,1268.5
2017-06-12,1266.09997558594
2017-06-13,1265.80004882812
2017-06-14,1272.80004882812
2017-06-15,1252.19995117188
2017-06-16,1254
2017-06-17,1254
2017-06-18,1254
2017-06-19,1244.19995117188
2017-06-20,1241
2017-06-21,1243.40002441406
2017-06-22,1247.59997558594
2017-06-23,1256.19995117188
2017-06-24,1256.19995117188
2017-06-25,1256.19995117188
2017-06-26,1246.30004882812
2017-06-27,1246.40002441406
2017-06-28,1248
2017-06-29,1244.19995117188
2017-06-30,1240.69995117188
2017-07-01,1240.69995117188
2017-07-02,1240.69995117188
2017-07-03,1217.90002441406
2017-07-04,1217.90002441406
2017-07-05,1220.40002441406
2017-07-06,1222.19995117188
2017-07-07,1208.59997558594
2017-07-08,1208.59997558594
2017-07-09,1208.59997558594
2017-07-10,1212.09997558594
2017-07-11,1213.59997558594
2017-07-12,1218.09997558594
2017-07-13,1216.30004882812
2017-07-14,1226.59997558594
2017-07-15,1226.59997558594
2017-07-16,1226.59997558594
2017-07-17,1232.80004882812
2017-07-18,1241.09997558594
2017-07-19,1241.19995117188
2017-07-20,1244.80004882812
2017-07-21,1254.30004882812
2017-07-22,1254.30004882812
2017-07-23,1254.30004882812
2017-07-24,1253.90002441406
2017-07-25,1251.69995117188
2017-07-26,1249
2017-07-27,1259.59997558594
2017-07-28,1268.40002441406
2017-07-29,1268.40002441406
2017-07-30,1268.40002441406
2017-07-31,1266.59997558594
2017-08-01,1272.59997558594
2017-08-02,1271.80004882812
2017-08-03,1267.80004882812
2017-08-04,1258.30004882812
2017-08-05,1258.30004882812
2017-08-06,1258.30004882812
2017-08-07,1258.19995117188
2017-08-08,1256.40002441406
2017-08-09,1273
2017-08-10,1283.69995117188
2017-08-11,1287.69995117188
2017-08-12,1287.69995117188
2017-08-13,1287.69995117188
2017-08-14,1284.19995117188
2017-08-15,1273.69995117188
2017-08-16,1276.90002441406
2017-08-17,1286.40002441406
2017-08-18,1285.69995117188
2017-08-19,1285.69995117188
2017-08-20,1285.69995117188
2017-08-21,1290.80004882812
2017-08-22,1285.09997558594
2017-08-23,1288.90002441406
2017-08-24,1286.5
2017-08-25,1292.5
2017-08-26,1292.5
2017-08-27,1292.5
2017-08-28,1309.69995117188
2017-08-29,1313.09997558594
2017-08-30,1308.09997558594
2017-08-31,1316.19995117188
2017-09-01,1324.5
2017-09-02,1324.5
2017-09-03,1324.5
2017-09-04,1324.5
2017-09-05,1339.19995117188
2017-09-06,1333.90002441406
2017-09-07,1345.09997558594
2017-09-08,1346
2017-09-09,1346
2017-09-10,1346
2017-09-11,1331
2017-09-12,1328
2017-09-13,1323.40002441406
2017-09-14,1324.69995117188
2017-09-15,1320.40002441406
2017-09-16,1320.40002441406
2017-09-17,1320.40002441406
2017-09-18,1306.30004882812
2017-09-19,1306.19995117188
2017-09-20,1312
2017-09-21,1290.59997558594
2017-09-22,1293.30004882812
2017-09-23,1293.30004882812
2017-09-24,1293.30004882812
2017-09-25,1306.80004882812
2017-09-26,1297
2017-09-27,1283.40002441406
2017-09-28,1285.5
2017-09-29,1281.5
2017-09-30,1281.5
2017-10-01,1281.5
2017-10-02,1272.69995117188
2017-10-03,1271.5
2017-10-04,1273.69995117188
2017-10-05,1269.90002441406
2017-10-06,1271.59997558594
2017-10-07,1271.59997558594
2017-10-08,1271.59997558594
2017-10-09,1281.80004882812
2017-10-10,1290.59997558594
2017-10-11,1285.80004882812
2017-10-12,1293.30004882812
2017-10-13,1301.5
2017-10-14,1301.5
2017-10-15,1301.5
2017-10-16,1299.90002441406
2017-10-17,1283
2017-10-18,1279.90002441406
2017-10-19,1286.90002441406
2017-10-20,1277.40002441406
2017-10-21,1277.40002441406
2017-10-22,1277.40002441406
2017-10-23,1277.69995117188
2017-10-24,1275
2017-10-25,1275.40002441406
2017-10-26,1266.30004882812
2017-10-27,1268.5
2017-10-28,1268.5
2017-10-29,1268.5
2017-10-30,1274.09997558594
2017-10-31,1267
2017-11-01,1274.09997558594
2017-11-02,1274.90002441406
2017-11-03,1266.5
2017-11-04,1266.5
2017-11-05,1266.5
2017-11-06,1279.40002441406
2017-11-07,1273.69995117188
2017-11-08,1281.59997558594
2017-11-09,1285.59997558594
2017-11-10,1272.40002441406
2017-11-11,1272.40002441406
2017-11-12,1272.40002441406
2017-11-13,1277.30004882812
2017-11-14,1281.5
2017-11-15,1276.5
2017-11-16,1277.40002441406
2017-11-17,1295.80004882812
2017-11-18,1295.80004882812
2017-11-19,1295.80004882812
2017-11-20,1274.59997558594
2017-11-21,1281.09997558594
2017-11-22,1291.59997558594
2017-11-23,1291.59997558594
2017-11-24,1286.69995117188
2017-11-25,1286.69995117188
2017-11-26,1286.69995117188
2017-11-27,1293.80004882812
2017-11-28,1294.69995117188
2017-11-29,1282.09997558594
2017-11-30,1273.19995117188
2017-12-01,1278.80004882812
2017-12-02,1278.80004882812
2017-12-03,1278.80004882812
2017-12-04,1274.30004882812
2017-12-05,1261.59997558594
2017-12-06,1262.80004882812
2017-12-07,1249.80004882812
2017-12-08,1245.19995117188
2017-12-09,1245.19995117188
2017-12-10,1245.19995117188
2017-12-11,1243.69995117188
2017-12-12,1238.5
2017-12-13,1245.40002441406
2017-12-14,1253.80004882812
2017-12-15,1254.30004882812
2017-12-16,1254.30004882812
2017-12-17,1254.30004882812
2017-12-18,1262.19995117188
2017-12-19,1260.69995117188
2017-12-20,1266.09997558594
2017-12-21,1267.30004882812
2017-12-22,1275.40002441406
2017-12-23,1275.40002441406
2017-12-24,1275.40002441406
2017-12-25,1275.40002441406
2017-12-26,1284.09997558594
2017-12-27,1287
2017-12-28,1294.09997558594
2017-12-29,1306.30004882812
2017-12-30,1306.30004882812
2017-12-31,1306.30004882812
2018-01-01,1306.30004882812
2018-01-02,1313.69995117188
2018-01-03,1316.19995117188
2018-01-04,1319.40002441406
2018-01-05,1320.30004882812
2018-01-06,1320.30004882812
2018-01-07,1320.30004882812
2018-01-08,1318.59997558594
2018-01-09,1311.69995117188
2018-01-10,1317.40002441406
2018-01-11,1320.59997558594
2018-01-12,1333.40002441406
2018-01-13,1333.40002441406
2018-01-14,1333.40002441406
2018-01-15,1333.40002441406
2018-01-16,1335.40002441406
2018-01-17,1338
2018-01-18,1326
2018-01-19,1331.90002441406
2018-01-20,1331.90002441406
2018-01-21,1331.90002441406
2018-01-22,1330.90002441406
2018-01-23,1335.69995117188
2018-01-24,1355.90002441406
2018-01-25,1362.40002441406
2018-01-26,1351.59997558594
2018-01-27,1351.59997558594
2018-01-28,1351.59997558594
2018-01-29,1351.59997558594
2018-01-30,1335.40002441406
2018-01-31,1339
2018-02-01,1344.30004882812
2018-02-02,1333.69995117188
2018-02-03,1333.69995117188
2018-02-04,1333.69995117188
2018-02-05,1333
2018-02-06,1326.09997558594
2018-02-07,1311.59997558594
2018-02-08,1316.90002441406
2018-02-09,1313.09997558594
2018-02-10,1313.09997558594
2018-02-11,1313.09997558594
2018-02-12,1324.19995117188
2018-02-13,1328.09997558594
2018-02-14,1355.5
2018-02-15,1352.09997558594
2018-02-16,1353.19995117188
2018-02-17,1353.19995117188
2018-02-18,1353.19995117188
2018-02-19,1353.19995117188
2018-02-20,1328.80004882812
2018-02-21,1330
2018-02-22,1330.59997558594
2018-02-23,1328.19995117188
2018-02-24,1328.19995117188
2018-02-25,1328.19995117188
2018-02-26,1330.69995117188
2018-02-27,1315.5
2018-02-28,1315.5
2018-03-01,1302.90002441406
2018-03-02,1321.09997558594
2018-03-03,1321.09997558594
2018-03-04,1321.09997558594
2018-03-05,1318.09997558594
2018-03-06,1333.59997558594
2018-03-07,1326
2018-03-08,1319.90002441406
2018-03-09,1322.40002441406
2018-03-10,1322.40002441406
2018-03-11,1322.40002441406
2018-03-12,1319.40002441406
2018-03-13,1325.90002441406
2018-03-14,1324.40002441406
2018-03-15,1316.80004882812
2018-03-16,1311.30004882812
2018-03-17,1311.30004882812
2018-03-18,1311.30004882812
2018-03-19,1316.80004882812
2018-03-20,1311.09997558594
2018-03-21,1320.69995117188
2018-03-22,1326.59997558594
2018-03-23,1349.30004882812
2018-03-24,1349.30004882812
2018-03-25,1349.30004882812
2018-03-26,1354.40002441406
2018-03-27,1341.30004882812
2018-03-28,1324.19995117188
2018-03-29,1322.80004882812
2018-03-30,1322.80004882812
2018-03-31,1322.80004882812
2018-04-01,1322.80004882812
2018-04-02,1342.09997558594
2018-04-03,1332.80004882812
2018-04-04,1335.80004882812
2018-04-05,1324.30004882812
2018-04-06,1331.90002441406
2018-04-07,1331.90002441406
2018-04-08,1331.90002441406
2018-04-09,1336.30004882812
2018-04-10,1342
2018-04-11,1356.5
2018-04-12,1338.40002441406
2018-04-13,1344.80004882812
2018-04-14,1344.80004882812
2018-04-15,1344.80004882812
2018-04-16,1347.5
2018-04-17,1347.19995117188
2018-04-18,1351.19995117188
2018-04-19,1346.80004882812
2018-04-20,1336.69995117188
2018-04-21,1336.69995117188
2018-04-22,1336.69995117188
2018-04-23,1322.5
2018-04-24,1331.40002441406
2018-04-25,1321.19995117188
2018-04-26,1316.30004882812
2018-04-27,1320.30004882812
2018-04-28,1320.30004882812
2018-04-29,1320.30004882812
2018-04-30,1316.19995117188
2018-05-01,1303.80004882812
2018-05-02,1302.59997558594
2018-05-03,1310.69995117188
2018-05-04,1312.69995117188
2018-05-05,1312.69995117188
2018-05-06,1312.69995117188
2018-05-07,1312.19995117188
2018-05-08,1312
2018-05-09,1311.30004882812
2018-05-10,1320.80004882812
2018-05-11,1319
2018-05-12,1319
2018-05-13,1319
2018-05-14,1316.5
2018-05-15,1288.90002441406
2018-05-16,1290.19995117188
2018-05-17,1288.19995117188
2018-05-18,1290.19995117188
2018-05-19,1290.19995117188
2018-05-20,1290.19995117188
2018-05-21,1290.19995117188
2018-05-22,1291.69995117188
2018-05-23,1289.30004882812
2018-05-24,1303.69995117188
2018-05-25,1303.30004882812
2018-05-26,1303.30004882812
2018-05-27,1303.30004882812
2018-05-28,1303.30004882812
2018-05-29,1298.69995117188
2018-05-30,1301.5
2018-05-31,1300.09997558594
2018-06-01,1294.80004882812
2018-06-02,1294.80004882812
2018-06-03,1294.80004882812
2018-06-04,1293.09997558594
2018-06-05,1297.5
2018-06-06,1297.09997558594
2018-06-07,1298.69995117188
2018-06-08,1298.09997558594
2018-06-09,1298.09997558594
2018-06-10,1298.09997558594
2018-06-11,1298.90002441406
2018-06-12,1295.09997558594
2018-06-13,1296.90002441406
2018-06-14,1304
2018-06-15,1274.59997558594
2018-06-16,1274.59997558594
2018-06-17,1274.59997558594
2018-06-18,1276.19995117188
2018-06-19,1275.59997558594
2018-06-20,1271.19995117188
2018-06-21,1267.19995117188
2018-06-22,1267.40002441406
2018-06-23,1267.40002441406
2018-06-24,1267.40002441406
2018-06-25,1265.59997558594
2018-06-26,1256.59997558594
2018-06-27,1252.80004882812
2018-06-28,1247.80004882812
2018-06-29,1251.30004882812
2018-06-30,1251.30004882812
2018-07-01,1251.30004882812
2018-07-02,1239.80004882812
2018-07-03,1251.59997558594
2018-07-04,1251.59997558594
2018-07-05,1257.30004882812
2018-07-06,1254.30004882812
2018-07-07,1254.30004882812
2018-07-08,1254.30004882812
2018-07-09,1258.09997558594
2018-07-10,1253.80004882812
2018-07-11,1242.80004882812
2018-07-12,1245
2018-07-13,1239.59997558594
2018-07-14,1239.59997558594
2018-07-15,1239.59997558594
2018-07-16,1238.09997558594
2018-07-17,1225.69995117188
2018-07-18,1226.30004882812
2018-07-19,1222.40002441406
2018-07-20,1229.5
2018-07-21,1229.5
2018-07-22,1229.5
2018-07-23,1224
2018-07-24,1223.90002441406
2018-07-25,1231.40002441406
2018-07-26,1225.30004882812
2018-07-27,1222.59997558594
2018-07-28,1222.59997558594
2018-07-29,1222.59997558594
2018-07-30,1221.30004882812
2018-07-31,1223.69995117188
2018-08-01,1217.90002441406
2018-08-02,1210.59997558594
2018-08-03,1214.19995117188
2018-08-04,1214.19995117188
2018-08-05,1214.19995117188
2018-08-06,1208.59997558594
2018-08-07,1209.59997558594
2018-08-08,1212.59997558594
2018-08-09,1211.90002441406
2018-08-10,1211.09997558594
2018-08-11,1211.09997558594
2018-08-12,1211.09997558594
2018-08-13,1191.30004882812
2018-08-14,1193
2018-08-15,1177.5
2018-08-16,1176.19995117188
2018-08-17,1176.5
2018-08-18,1176.5
2018-08-19,1176.5
2018-08-20,1186.80004882812
2018-08-21,1192.59997558594
2018-08-22,1196.30004882812
2018-08-23,1187
2018-08-24,1206.30004882812
2018-08-25,1206.30004882812
2018-08-26,1206.30004882812
2018-08-27,1209
2018-08-28,1207.40002441406
2018-08-29,1204.5
2018-08-30,1197.69995117188
2018-08-31,1200.30004882812
2018-09-01,1200.30004882812
2018-09-02,1200.30004882812
2018-09-03,1200.30004882812
2018-09-04,1192.69995117188
2018-09-05,1194.90002441406
2018-09-06,1197.90002441406
2018-09-07,1193.59997558594
2018-09-08,1193.59997558594
2018-09-09,1193.59997558594
2018-09-10,1193
2018-09-11,1195.40002441406
2018-09-12,1204.69995117188
2018-09-13,1202
2018-09-14,1195
2018-09-15,1195
2018-09-16,1195
2018-09-17,1199.69995117188
2018-09-18,1196.80004882812
2018-09-19,1202.19995117188
2018-09-20,1206.19995117188
2018-09-21,1196.19995117188
2018-09-22,1196.19995117188
2018-09-23,1196.19995117188
2018-09-24,1199.30004882812
2018-09-25,1200
2018-09-26,1194
2018-09-27,1182.30004882812
2018-09-28,1191.5
2018-09-29,1191.5
2018-09-30,1191.5
2018-10-01,1187.09997558594
2018-10-02,1202.40002441406
2018-10-03,1198.30004882812
2018-10-04,1197.19995117188
2018-10-05,1201.19995117188
2018-10-06,1201.19995117188
2018-10-07,1201.19995117188
2018-10-08,1184.40002441406
2018-10-09,1187.19995117188
2018-10-10,1189.30004882812
2018-10-11,1223.5
2018-10-12,1218.09997558594
2018-10-13,1218.09997558594
2018-10-14,1218.09997558594
2018-10-15,1226.40002441406
2018-10-16,1227.30004882812
2018-10-17,1223.69995117188
2018-10-18,1226.5
2018-10-19,1225.30004882812
2018-10-20,1225.30004882812
2018-10-21,1225.30004882812
2018-10-22,1221.19995117188
2018-10-23,1233.40002441406
2018-10-24,1227.80004882812
2018-10-25,1229.09997558594
2018-10-26,1232.5
2018-10-27,1232.5
2018-10-28,1232.5
2018-10-29,1224.5
2018-10-30,1222.59997558594
2018-10-31,1212.30004882812
2018-11-01,1236
2018-11-02,1230.90002441406
2018-11-03,1230.90002441406
2018-11-04,1230.90002441406
2018-11-05,1229.80004882812
2018-11-06,1223.80004882812
2018-11-07,1226.19995117188
2018-11-08,1222.90002441406
2018-11-09,1206.40002441406
2018-11-10,1206.40002441406
2018-11-11,1206.40002441406
2018-11-12,1201.30004882812
2018-11-13,1199.19995117188
2018-11-14,1207.90002441406
2018-11-15,1212.80004882812
2018-11-16,1220.80004882812
2018-11-17,1220.80004882812
2018-11-18,1220.80004882812
2018-11-19,1223.09997558594
2018-11-20,1219
2018-11-21,1225.80004882812
2018-11-22,1225.80004882812
2018-11-23,1221
2018-11-24,1221
2018-11-25,1221
2018-11-26,1220.19995117188
2018-11-27,1211.19995117188
2018-11-28,1221.40002441406
2018-11-29,1224.09997558594
2018-11-30,1220.19995117188
2018-12-01,1220.19995117188
2018-12-02,1220.19995117188
2018-12-03,1233.90002441406
2018-12-04,1241.09997558594
2018-12-05,1241.09997558594
2018-12-06,1238.09997558594
2018-12-07,1246.80004882812
2018-12-08,1246.80004882812
2018-12-09,1246.80004882812
2018-12-10,1243.69995117188
2018-12-11,1241.90002441406
2018-12-12,1244.40002441406
2018-12-13,1242.69995117188
2018-12-14,1237
2018-12-15,1237
2018-12-16,1237
2018-12-17,1247.40002441406
2018-12-18,1249.19995117188
2018-12-19,1252.09997558594
2018-12-20,1263.59997558594
2018-12-21,1253.80004882812
2018-12-22,1253.80004882812
2018-12-23,1253.80004882812
2018-12-24,1267.5
2018-12-25,1267.5
2018-12-26,1269.19995117188
2018-12-27,1277.30004882812
2018-12-28,1279.90002441406
2018-12-29,1279.90002441406
2018-12-30,1279.90002441406
2018-12-31,1278.30004882812
2019-01-01,1278.30004882812
2019-01-02,1281
2019-01-03,1291.80004882812
2019-01-04,1282.69995117188
2019-01-05,1282.69995117188
2019-01-06,1282.69995117188
2019-01-07,1286.80004882812
2019-01-08,1283.19995117188
2019-01-09,1289.30004882812
2019-01-10,1284.69995117188
2019-01-11,1287.09997558594
2019-01-12,1287.09997558594
2019-01-13,1287.09997558594
2019-01-14,1289.09997558594
2019-01-15,1286.19995117188
2019-01-16,1291.59997558594
2019-01-17,1291
2019-01-18,1281.30004882812
2019-01-19,1281.30004882812
2019-01-20,1281.30004882812
2019-01-21,1281.30004882812
2019-01-22,1282.5
2019-01-23,1283.09997558594
2019-01-24,1279.09997558594
2019-01-25,1297.40002441406
2019-01-26,1297.40002441406
2019-01-27,1297.40002441406
2019-01-28,1302.40002441406
2019-01-29,1308.19995117188
2019-01-30,1309.90002441406
2019-01-31,1319.69995117188
2019-02-01,1316.90002441406
2019-02-02,1316.90002441406
2019-02-03,1316.90002441406
2019-02-04,1314.30004882812
2019-02-05,1314.19995117188
2019-02-06,1309.5
2019-02-07,1309.40002441406
2019-02-08,1313.69995117188
2019-02-09,1313.69995117188
2019-02-10,1313.69995117188
2019-02-11,1307
2019-02-12,1309.19995117188
2019-02-13,1310.80004882812
2019-02-14,1309.80004882812
2019-02-15,1318.09997558594
2019-02-16,1318.09997558594
2019-02-17,1318.09997558594
2019-02-18,1318.09997558594
2019-02-19,1340.09997558594
2019-02-20,1343.30004882812
2019-02-21,1323.5
2019-02-22,1329.19995117188
2019-02-23,1329.19995117188
2019-02-24,1329.19995117188
2019-02-25,1325.90002441406
2019-02-26,1325.09997558594
2019-02-27,1317.69995117188
2019-02-28,1312.80004882812
2019-03-01,1296.40002441406
2019-03-02,1296.40002441406
2019-03-03,1296.40002441406
2019-03-04,1284.80004882812
2019-03-05,1282
2019-03-06,1284.90002441406
2019-03-07,1283.80004882812
2019-03-08,1297
2019-03-09,1297
2019-03-10,1297
2019-03-11,1288.80004882812
2019-03-12,1296.30004882812
2019-03-13,1307.5
2019-03-14,1293.40002441406
2019-03-15,1301.80004882812
2019-03-16,1301.80004882812
2019-03-17,1301.80004882812
2019-03-18,1300.30004882812
2019-03-19,1305
2019-03-20,1300.5
2019-03-21,1306.09997558594
2019-03-22,1311.59997558594
2019-03-23,1311.59997558594
2019-03-24,1311.59997558594
2019-03-25,1321.90002441406
2019-03-26,1314.30004882812
2019-03-27,1309.90002441406
2019-03-28,1289.80004882812
2019-03-29,1293
2019-03-30,1293
2019-03-31,1293
2019-04-01,1288.40002441406
2019-04-02,1290
2019-04-03,1289.90002441406
2019-04-04,1289
2019-04-05,1290.40002441406
2019-04-06,1290.40002441406
2019-04-07,1290.40002441406
2019-04-08,1297.09997558594
2019-04-09,1303.5
2019-04-10,1309.09997558594
2019-04-11,1288.59997558594
2019-04-12,1290.59997558594
2019-04-13,1290.59997558594
2019-04-14,1290.59997558594
2019-04-15,1286.80004882812
2019-04-16,1272.59997558594
2019-04-17,1272.19995117188
2019-04-18,1271.90002441406
2019-04-19,1271.90002441406
2019-04-20,1271.90002441406
2019-04-21,1271.90002441406
2019-04-22,1273.5
2019-04-23,1269.30004882812
2019-04-24,1275.5
2019-04-25,1275.80004882812
2019-04-26,1284.90002441406
2019-04-27,1284.90002441406
2019-04-28,1284.90002441406
2019-04-29,1278.59997558594
2019-04-30,1282.80004882812
2019-05-01,1281.40002441406
2019-05-02,1269.69995117188
2019-05-03,1279.19995117188
2019-05-04,1279.19995117188
2019-05-05,1279.19995117188
2019-05-06,1281.69995117188
2019-05-07,1283.5
2019-05-08,1279.40002441406
2019-05-09,1283.5
2019-05-10,1285.69995117188
2019-05-11,1285.69995117188
2019-05-12,1285.69995117188
2019-05-13,1300.09997558594
2019-05-14,1294.69995117188
2019-05-15,1296.30004882812
2019-05-16,1285
2019-05-17,1274.5
2019-05-18,1274.5
2019-05-19,1274.5
2019-05-20,1276.09997558594
2019-05-21,1272
2019-05-22,1273.59997558594
2019-05-23,1284.80004882812
2019-05-24,1283
2019-05-25,1283
2019-05-26,1283
2019-05-27,1283
2019-05-28,1276.5
2019-05-29,1280.59997558594
2019-05-30,1287.09997558594
2019-05-31,1305.80004882812
2019-06-01,1305.80004882812
2019-06-02,1305.80004882812
2019-06-03,1322.69995117188
2019-06-04,1323.40002441406
2019-06-05,1328.30004882812
2019-06-06,1337.59997558594
2019-06-07,1341.19995117188
2019-06-08,1341.19995117188
2019-06-09,1341.19995117188
2019-06-10,1324.69995117188
2019-06-11,1326.40002441406
2019-06-12,1331.90002441406
2019-06-13,1339.19995117188
2019-06-14,1340.09997558594
2019-06-15,1340.09997558594
2019-06-16,1340.09997558594
2019-06-17,1338.69995117188
2019-06-18,1346.59997558594
2019-06-19,1344.59997558594
2019-06-20,1392.90002441406
2019-06-21,1396.19995117188
2019-06-22,1396.19995117188
2019-06-23,1396.19995117188
2019-06-24,1414.30004882812
2019-06-25,1414.90002441406
2019-06-26,1411.59997558594
2019-06-27,1408.40002441406
2019-06-28,1409.69995117188
2019-06-29,1409.69995117188
2019-06-30,1409.69995117188
2019-07-01,1385.59997558594
2019-07-02,1404.59997558594
2019-07-03,1417.69995117188
2019-07-04,1417.69995117188
2019-07-05,1396.69995117188
2019-07-06,1396.69995117188
2019-07-07,1396.69995117188
2019-07-08,1397
2019-07-09,1397.5
2019-07-10,1410.09997558594
2019-07-11,1404.30004882812
2019-07-12,1409.90002441406
2019-07-13,1409.90002441406
2019-07-14,1409.90002441406
2019-07-15,1411.40002441406
2019-07-16,1409.19995117188
2019-07-17,1421.30004882812
2019-07-18,1426.09997558594
2019-07-19,1425.09997558594
2019-07-20,1425.09997558594
2019-07-21,1425.09997558594
2019-07-22,1425.30004882812
2019-07-23,1420.09997558594
2019-07-24,1422.80004882812
2019-07-25,1413.90002441406
2019-07-26,1418.5
2019-07-27,1418.5
2019-07-28,1418.5
2019-07-29,1419.59997558594
2019-07-30,1429.69995117188
2019-07-31,1426.09997558594
2019-08-01,1420.90002441406
2019-08-02,1445.59997558594
2019-08-03,1445.59997558594
2019-08-04,1445.59997558594
2019-08-05,1464.59997558594
2019-08-06,1472.40002441406
2019-08-07,1507.30004882812
2019-08-08,1497.69995117188
2019-08-09,1496.59997558594
2019-08-10,1496.59997558594
2019-08-11,1496.59997558594
2019-08-12,1505.30004882812
2019-08-13,1502.19995117188
2019-08-14,1515.90002441406
2019-08-15,1519.59997558594
2019-08-16,1512.5
2019-08-17,1512.5
2019-08-18,1512.5
2019-08-19,1500.40002441406
2019-08-20,1504.59997558594
2019-08-21,1504.59997558594
2019-08-22,1497.30004882812
2019-08-23,1526.59997558594
2019-08-24,1526.59997558594
2019-08-25,1526.59997558594
2019-08-26,1526.30004882812
2019-08-27,1541
2019-08-28,1537.80004882812
2019-08-29,1526.5
2019-08-30,1519.09997558594
2019-08-31,1519.09997558594
2019-09-01,1519.09997558594
2019-09-02,1519.09997558594
2019-09-03,1545.90002441406
2019-09-04,1550.30004882812
2019-09-05,1515.40002441406
2019-09-06,1506.19995117188
2019-09-07,1506.19995117188
2019-09-08,1506.19995117188
2019-09-09,1502.19995117188
2019-09-10,1490.30004882812
2019-09-11,1494.40002441406
2019-09-12,1498.69995117188
2019-09-13,1490.90002441406
2019-09-14,1490.90002441406
2019-09-15,1490.90002441406
2019-09-16,1503.09997558594
2019-09-17,1505.09997558594
2019-09-18,1507.5
2019-09-19,1498.40002441406
2019-09-20,1507.30004882812
2019-09-21,1507.30004882812
2019-09-22,1507.30004882812
2019-09-23,1523.69995117188
2019-09-24,1532.09997558594
2019-09-25,1504.59997558594
2019-09-26,1507.5
2019-09-27,1499.09997558594
2019-09-28,1499.09997558594
2019-09-29,1499.09997558594
2019-09-30,1465.69995117188
2019-10-01,1482
2019-10-02,1501
2019-10-03,1507.09997558594
2019-10-04,1506.19995117188
2019-10-05,1506.19995117188
2019-10-06,1506.19995117188
2019-10-07,1497.69995117188
2019-10-08,1497.19995117188
2019-10-09,1506.09997558594
2019-10-10,1494.80004882812
2019-10-11,1482.69995117188
2019-10-12,1482.69995117188
2019-10-13,1482.69995117188
2019-10-14,1491.69995117188
2019-10-15,1477.59997558594
2019-10-16,1488
2019-10-17,1492.30004882812
2019-10-18,1488.19995117188
2019-10-19,1488.19995117188
2019-10-20,1488.19995117188
2019-10-21,1482.40002441406
2019-10-22,1481.69995117188
2019-10-23,1489.90002441406
2019-10-24,1498.90002441406
2019-10-25,1499.5
2019-10-26,1499.5
2019-10-27,1499.5
2019-10-28,1490
2019-10-29,1487
2019-10-30,1493.19995117188
2019-10-31,1511.40002441406
2019-11-01,1508
2019-11-02,1508
2019-11-03,1508
2019-11-04,1508
2019-11-05,1480.80004882812
2019-11-06,1490.19995117188
2019-11-07,1464.19995117188
2019-11-08,1461.30004882812
2019-11-09,1461.30004882812
2019-11-10,1461.30004882812
2019-11-11,1455.5
2019-11-12,1452.09997558594
2019-11-13,1461.69995117188
2019-11-14,1471.80004882812
2019-11-15,1467.30004882812
2019-11-16,1467.30004882812
2019-11-17,1467.30004882812
2019-11-18,1470.90002441406
2019-11-19,1473.30004882812
2019-11-20,1473.30004882812
2019-11-21,1463.09997558594
2019-11-22,1463.09997558594
2019-11-23,1463.09997558594
2019-11-24,1463.09997558594
2019-11-25,1456.59997558594
2019-11-26,1459.80004882812
2019-11-27,1453.40002441406
2019-11-28,1453.40002441406
2019-11-29,1465.59997558594
2019-11-30,1465.59997558594
2019-12-01,1465.59997558594
2019-12-02,1462.30004882812
2019-12-03,1478.19995117188
2019-12-04,1474
2019-12-05,1476.90002441406
2019-12-06,1459.09997558594
2019-12-07,1459.09997558594
2019-12-08,1459.09997558594
2019-12-09,1459.30004882812
2019-12-10,1462.59997558594
2019-12-11,1469.40002441406
2019-12-12,1466.69995117188
2019-12-13,1475.59997558594
2019-12-14,1475.59997558594
2019-12-15,1475.59997558594
2019-12-16,1475
2019-12-17,1474.59997558594
2019-12-18,1472.59997558594
2019-12-19,1478.19995117188
2019-12-20,1474.69995117188
2019-12-21,1474.69995117188
2019-12-22,1474.69995117188
2019-12-23,1482.5
2019-12-24,1499.09997558594
2019-12-25,1499.09997558594
2019-12-26,1509.30004882812
2019-12-27,1513.80004882812
2019-12-28,1513.80004882812
2019-12-29,1513.80004882812
2019-12-30,1514.5
2019-12-31,1519.5
2020-01-01,1519.5
2020-01-02,1524.5
2020-01-03,1549.19995117188
2020-01-04,1549.19995117188
2020-01-05,1549.19995117188
2020-01-06,1566.19995117188
2020-01-07,1571.80004882812
2020-01-08,1557.40002441406
2020-01-09,1551.69995117188
2020-01-10,1557.5
2020-01-11,1557.5
2020-01-12,1557.5
2020-01-13,1548.40002441406
2020-01-14,1542.40002441406
2020-01-15,1552.09997558594
2020-01-16,1549
2020-01-17,1558.80004882812
2020-01-18,1558.80004882812
2020-01-19,1558.80004882812
2020-01-20,1558.80004882812
2020-01-21,1556.40002441406
2020-01-22,1555.30004882812
2020-01-23,1564.59997558594
2020-01-24,1571.09997558594
2020-01-25,1571.09997558594
2020-01-26,1571.09997558594
2020-01-27,1576.80004882812
2020-01-28,1569.19995117188
2020-01-29,1569.80004882812
2020-01-30,1583.5
2020-01-31,1582.90002441406
2020-02-01,1582.90002441406
2020-02-02,1582.90002441406
2020-02-03,1577.19995117188
2020-02-04,1550.40002441406
2020-02-05,1557.80004882812
2020-02-06,1565.09997558594
2020-02-07,1568.59997558594
2020-02-08,1568.59997558594
2020-02-09,1568.59997558594
2020-02-10,1574.69995117188
2020-02-11,1565.59997558594
2020-02-12,1567.40002441406
2020-02-13,1575.09997558594
2020-02-14,1582.69995117188
2020-02-15,1582.69995117188
2020-02-16,1582.69995117188
2020-02-17,1582.69995117188
2020-02-18,1600
2020-02-19,1607.5
2020-02-20,1616.59997558594
2020-02-21,1644.59997558594
2020-02-22,1644.59997558594
2020-02-23,1644.59997558594
2020-02-24,1672.40002441406
2020-02-25,1646.90002441406
2020-02-26,1640
2020-02-27,1640
2020-02-28,1564.09997558594
2020-02-29,1564.09997558594
2020-03-01,1564.09997558594
2020-03-02,1592.30004882812
2020-03-03,1642.09997558594
2020-03-04,1641.09997558594
2020-03-05,1666.40002441406
2020-03-06,1670.80004882812
2020-03-07,1670.80004882812
2020-03-08,1670.80004882812
2020-03-09,1674.5
2020-03-10,1659.09997558594
2020-03-11,1641.40002441406
2020-03-12,1589.30004882812
2020-03-13,1515.69995117188
2020-03-14,1515.69995117188
2020-03-15,1515.69995117188
2020-03-16,1485.90002441406
2020-03-17,1524.90002441406
2020-03-18,1477.30004882812
2020-03-19,1478.59997558594
2020-03-20,1484
2020-03-21,1484
2020-03-22,1484
2020-03-23,1567
2020-03-24,1660.19995117188
2020-03-25,1632.30004882812
2020-03-26,1650.09997558594
2020-03-27,1623.90002441406
2020-03-28,1623.90002441406
2020-03-29,1623.90002441406
2020-03-30,1622
2020-03-31,1583.40002441406
2020-04-01,1578.19995117188
2020-04-02,1625.69995117188
2020-04-03,1633.69995117188
2020-04-04,1633.69995117188
2020-04-05,1633.69995117188
2020-04-06,1677
2020-04-07,1664.80004882812
2020-04-08,1665.40002441406
2020-04-09,1736.19995117188
2020-04-10,1736.19995117188
2020-04-11,1736.19995117188
2020-04-12,1736.19995117188
2020-04-13,1744.80004882812
2020-04-14,1756.69995117188
2020-04-15,1727.19995117188
2020-04-16,1720.40002441406
2020-04-17,1689.19995117188
2020-04-18,1689.19995117188
2020-04-19,1689.19995117188
2020-04-20,1701.59997558594
2020-04-21,1678.19995117188
2020-04-22,1728.69995117188
2020-04-23,1733.30004882812
2020-04-24,1723.5
2020-04-25,1723.5
2020-04-26,1723.5
2020-04-27,1711.90002441406
2020-04-28,1710.5
2020-04-29,1703.40002441406
2020-04-30,1684.19995117188
2020-05-01,1694.5
2020-05-02,1694.5
2020-05-03,1694.5
2020-05-04,1706.90002441406
2020-05-05,1704.40002441406
2020-05-06,1684.19995117188
2020-05-07,1721.80004882812
2020-05-08,1709.90002441406
2020-05-09,1709.90002441406
2020-05-10,1709.90002441406
2020-05-11,1695.30004882812
2020-05-12,1704.40002441406
2020-05-13,1713.90002441406
2020-05-14,1738.09997558594
2020-05-15,1753.40002441406
2020-05-16,1753.40002441406
2020-05-17,1753.40002441406
2020-05-18,1731.80004882812
2020-05-19,1744.19995117188
2020-05-20,1750.59997558594
2020-05-21,1720.5
2020-05-22,1734.59997558594
2020-05-23,1734.59997558594
2020-05-24,1734.59997558594
2020-05-25,1734.59997558594
2020-05-26,1704.80004882812
2020-05-27,1710.30004882812
2020-05-28,1713.30004882812
2020-05-29,1736.90002441406
2020-05-30,1736.90002441406
2020-05-31,1736.90002441406
2020-06-01,1737.80004882812
2020-06-02,1725.19995117188
2020-06-03,1697.80004882812
2020-06-04,1718.90002441406
2020-06-05,1676.19995117188
2020-06-06,1676.19995117188
2020-06-07,1676.19995117188
2020-06-08,1698.30004882812
2020-06-09,1714.69995117188
2020-06-10,1713.30004882812
2020-06-11,1732
2020-06-12,1729.30004882812
2020-06-13,1729.30004882812
2020-06-14,1729.30004882812
2020-06-15,1720.30004882812
2020-06-16,1729.59997558594
2020-06-17,1729.19995117188
2020-06-18,1724.80004882812
2020-06-19,1745.90002441406
2020-06-20,1745.90002441406
2020-06-21,1745.90002441406
2020-06-22,1756.69995117188
2020-06-23,1772.09997558594
2020-06-24,1765.80004882812
2020-06-25,1762.09997558594
2020-06-26,1772.5
2020-06-27,1772.5
2020-06-28,1772.5
2020-06-29,1774.80004882812
2020-06-30,1793
2020-07-01,1773.19995117188
2020-07-02,1784
2020-07-03,1784
2020-07-04,1784
2020-07-05,1784
2020-07-06,1788.5
2020-07-07,1804.19995117188
2020-07-08,1815.5
2020-07-09,1799.19995117188
2020-07-10,1798.19995117188
2020-07-11,1798.19995117188
2020-07-12,1798.19995117188
2020-07-13,1811
2020-07-14,1810.59997558594
2020-07-15,1811.40002441406
2020-07-16,1798.69995117188
2020-07-17,1808.30004882812
2020-07-18,1808.30004882812
2020-07-19,1808.30004882812
2020-07-20,1815.90002441406
2020-07-21,1842.40002441406
2020-07-22,1864.09997558594
2020-07-23,1889.09997558594
2020-07-24,1897.30004882812
2020-07-25,1897.30004882812
2020-07-26,1897.30004882812
2020-07-27,1931
2020-07-28,1944.69995117188
2020-07-29,1953.5
2020-07-30,1942.30004882812
2020-07-31,1962.80004882812
2020-08-01,1962.80004882812
2020-08-02,1962.80004882812
2020-08-03,1966
2020-08-04,2001.19995117188
2020-08-05,2031.09997558594
2020-08-06,2051.5
2020-08-07,2010.09997558594
2020-08-08,2010.09997558594
2020-08-09,2010.09997558594
2020-08-10,2024.40002441406
2020-08-11,1932.59997558594
2020-08-12,1934.90002441406
2020-08-13,1956.69995117188
2020-08-14,1937
2020-08-15,1937
2020-08-16,1937
2020-08-17,1985
2020-08-18,1999.40002441406
2020-08-19,1958.69995117188
2020-08-20,1933.80004882812
2020-08-21,1934.59997558594
2020-08-22,1934.59997558594
2020-08-23,1934.59997558594
2020-08-24,1927.69995117188
2020-08-25,1911.80004882812
2020-08-26,1940.69995117188
2020-08-27,1921.59997558594
2020-08-28,1964.59997558594
2020-08-29,1964.59997558594
2020-08-30,1964.59997558594
2020-08-31,1967.59997558594
2020-09-01,1968.19995117188
2020-09-02,1934.40002441406
2020-09-03,1927.59997558594
2020-09-04,1923.90002441406
2020-09-05,1923.90002441406
2020-09-06,1923.90002441406
2020-09-07,1923.90002441406
2020-09-08,1933
2020-09-09,1944.69995117188
2020-09-10,1954.19995117188
2020-09-11,1937.80004882812
2020-09-12,1937.80004882812
2020-09-13,1937.80004882812
2020-09-14,1953.09997558594
2020-09-15,1956.30004882812
2020-09-16,1960.19995117188
2020-09-17,1940
2020-09-18,1952.09997558594
2020-09-19,1952.09997558594
2020-09-20,1952.09997558594
2020-09-21,1901.19995117188
2020-09-22,1898.59997558594
2020-09-23,1859.90002441406
2020-09-24,1868.30004882812
2020-09-25,1857.69995117188
2020-09-26,1857.69995117188
2020-09-27,1857.69995117188
2020-09-28,1872.80004882812
2020-09-29,1894.30004882812
2020-09-30,1887.5
2020-10-01,1908.40002441406
2020-10-02,1900.19995117188
2020-10-03,1900.19995117188
2020-10-04,1900.19995117188
2020-10-05,1912.5
2020-10-06,1901.09997558594
2020-10-07,1883.59997558594
2020-10-08,1888.59997558594
2020-10-09,1919.5
2020-10-10,1919.5
2020-10-11,1919.5
2020-10-12,1922.5
2020-10-13,1888.5
2020-10-14,1901.30004882812
2020-10-15,1903.19995117188
2020-10-16,1900.80004882812
2020-10-17,1900.80004882812
2020-10-18,1900.80004882812
2020-10-19,1906.40002441406
2020-10-20,1910.40002441406
2020-10-21,1924.59997558594
2020-10-22,1901.09997558594
2020-10-23,1902
2020-10-24,1902
2020-10-25,1902
2020-10-26,1902.69995117188
2020-10-27,1908.80004882812
2020-10-28,1876.19995117188
2020-10-29,1865.59997558594
2020-10-30,1877.40002441406
2020-10-31,1877.40002441406
2020-11-01,1877.40002441406
2020-11-02,1890.40002441406
2020-11-03,1908.5
2020-11-04,1894.59997558594
2020-11-05,1945.30004882812
2020-11-06,1950.30004882812
2020-11-07,1950.30004882812
2020-11-08,1950.30004882812
2020-11-09,1853.19995117188
2020-11-10,1875.40002441406
2020-11-11,1860.69995117188
2020-11-12,1872.59997558594
2020-11-13,1885.69995117188
2020-11-14,1885.69995117188
2020-11-15,1885.69995117188
2020-11-16,1887.30004882812
2020-11-17,1884.5
2020-11-18,1873.5
2020-11-19,1861.09997558594
2020-11-20,1872.59997558594
2020-11-21,1872.59997558594
2020-11-22,1872.59997558594
2020-11-23,1837.80004882812
2020-11-24,1804.80004882812
2020-11-25,1805.69995117188
2020-11-26,1805.69995117188
2020-11-27,1781.90002441406
2020-11-28,1781.90002441406
2020-11-29,1781.90002441406
2020-11-30,1775.69995117188
2020-12-01,1814.09997558594
2020-12-02,1825.69995117188
2020-12-03,1836.80004882812
2020-12-04,1835.90002441406
2020-12-05,1835.90002441406
2020-12-06,1835.90002441406
2020-12-07,1861.80004882812
2020-12-08,1870.80004882812
2020-12-09,1834.59997558594
2020-12-10,1833.59997558594
2020-12-11,1839.80004882812
2020-12-12,1839.80004882812
2020-12-13,1839.80004882812
2020-12-14,1828.69995117188
2020-12-15,1852.30004882812
2020-12-16,1856.09997558594
2020-12-17,1887.19995117188
2020-12-18,1885.69995117188
2020-12-19,1885.69995117188
2020-12-20,1885.69995117188
2020-12-21,1879.19995117188
2020-12-22,1866.59997558594
2020-12-23,1874.69995117188
2020-12-24,1879.90002441406
2020-12-25,1879.90002441406
2020-12-26,1879.90002441406
2020-12-27,1879.90002441406
2020-12-28,1877.19995117188
2020-12-29,1879.69995117188
2020-12-30,1891
2020-12-31,1893.09997558594
2021-01-01,1893.09997558594
2021-01-02,1893.09997558594
2021-01-03,1893.09997558594
2021-01-04,1944.69995117188
2021-01-05,1952.69995117188
2021-01-06,1906.90002441406
2021-01-07,1912.30004882812
2021-01-08,1834.09997558594
2021-01-09,1834.09997558594
2021-01-10,1834.09997558594
2021-01-11,1849.59997558594
2021-01-12,1842.90002441406
2021-01-13,1853.59997558594
2021-01-14,1850.30004882812
2021-01-15,1829.30004882812
2021-01-16,1829.30004882812
2021-01-17,1829.30004882812
2021-01-18,1829.30004882812
2021-01-19,1839.5
2021-01-20,1865.90002441406
2021-01-21,1865.30004882812
2021-01-22,1855.69995117188
2021-01-23,1855.69995117188
2021-01-24,1855.69995117188
2021-01-25,1854.90002441406
2021-01-26,1850.69995117188
2021-01-27,1844.90002441406
2021-01-28,1837.90002441406
2021-01-29,1847.30004882812
2021-01-30,1847.30004882812
2021-01-31,1847.30004882812
2021-02-01,1860.80004882812
2021-02-02,1830.5
2021-02-03,1832.19995117188
2021-02-04,1788.90002441406
2021-02-05,1810.90002441406
2021-02-06,1810.90002441406
2021-02-07,1810.90002441406
2021-02-08,1831.90002441406
2021-02-09,1835.30004882812
2021-02-10,1840.59997558594
2021-02-11,1824.90002441406
2021-02-12,1821.59997558594
2021-02-13,1821.59997558594
2021-02-14,1821.59997558594
2021-02-15,1821.59997558594
2021-02-16,1797.19995117188
2021-02-17,1771.09997558594
2021-02-18,1773.40002441406
2021-02-19,1775.80004882812
2021-02-20,1775.80004882812
2021-02-21,1775.80004882812
2021-02-22,1806.69995117188
2021-02-23,1804.40002441406
2021-02-24,1796.40002441406
2021-02-25,1774.40002441406
2021-02-26,1728.09997558594
2021-02-27,1728.09997558594
2021-02-28,1728.09997558594
2021-03-01,1722.5
2021-03-02,1733.09997558594
2021-03-03,1715.30004882812
2021-03-04,1700.19995117188
2021-03-05,1698
2021-03-06,1698
2021-03-07,1698
2021-03-08,1677.69995117188
2021-03-09,1716.59997558594
2021-03-10,1721.5
2021-03-11,1722.30004882812
2021-03-12,1719.5
2021-03-13,1719.5
2021-03-14,1719.5
2021-03-15,1728.90002441406
2021-03-16,1730.59997558594
2021-03-17,1726.80004882812
2021-03-18,1732.19995117188
2021-03-19,1741.40002441406
2021-03-20,1741.40002441406
2021-03-21,1741.40002441406
2021-03-22,1737.80004882812
2021-03-23,1724.69995117188
2021-03-24,1732.90002441406
2021-03-25,1724.90002441406
2021-03-26,1732.19995117188
2021-03-27,1732.19995117188
2021-03-28,1732.19995117188
2021-03-29,1712.09997558594
2021-03-30,1683.90002441406
2021-03-31,1713.80004882812
2021-04-01,1726.5
2021-04-02,1726.5
2021-04-03,1726.5
2021-04-04,1726.5
2021-04-05,1727
2021-04-06,1741.5
2021-04-07,1740.09997558594
2021-04-08,1756.80004882812
2021-04-09,1743.30004882812
2021-04-10,1743.30004882812
2021-04-11,1743.30004882812
2021-04-12,1731.19995117188
2021-04-13,1746.19995117188
2021-04-14,1734.90002441406
2021-04-15,1765.40002441406
2021-04-16,1779
2021-04-17,1779
2021-04-18,1779
2021-04-19,1769.40002441406
2021-04-20,1777.30004882812
2021-04-21,1792.30004882812
2021-04-22,1781.19995117188
2021-04-23,1777
2021-04-24,1777
2021-04-25,1777
2021-04-26,1779.19995117188
2021-04-27,1778
2021-04-28,1773.19995117188
2021-04-29,1768.09997558594
2021-04-30,1767.30004882812
2021-05-01,1767.30004882812
2021-05-02,1767.30004882812
2021-05-03,1791.40002441406
2021-05-04,1775.80004882812
2021-05-05,1784.09997558594
2021-05-06,1815.5
2021-05-07,1831.09997558594
2021-05-08,1831.09997558594
2021-05-09,1831.09997558594
2021-05-10,1837.5
2021-05-11,1835.90002441406
2021-05-12,1822.59997558594
2021-05-13,1823.80004882812
2021-05-14,1837.90002441406
2021-05-15,1837.90002441406
2021-05-16,1837.90002441406
2021-05-17,1867.5
2021-05-18,1867.80004882812
2021-05-19,1881.30004882812
2021-05-20,1881.80004882812
2021-05-21,1876.69995117188
2021-05-22,1876.69995117188
2021-05-23,1876.69995117188
2021-05-24,1884.59997558594
2021-05-25,1898.09997558594
2021-05-26,1901.30004882812
2021-05-27,1895.69995117188
2021-05-28,1902.5
2021-05-29,1902.5
2021-05-30,1902.5
2021-05-31,1902.5
2021-06-01,1902.90002441406
2021-06-02,1907.5
2021-06-03,1871.19995117188
2021-06-04,1889.80004882812
2021-06-05,1889.80004882812
2021-06-06,1889.80004882812
2021-06-07,1896.80004882812
2021-06-08,1892.19995117188
2021-06-09,1893.19995117188
2021-06-10,1894.19995117188
2021-06-11,1877.40002441406
2021-06-12,1877.40002441406
2021-06-13,1877.40002441406
2021-06-14,1864
2021-06-15,1854.5
2021-06-16,1859.5
2021-06-17,1773.80004882812
2021-06-18,1767.90002441406
2021-06-19,1767.90002441406
2021-06-20,1767.90002441406
2021-06-21,1781.80004882812
2021-06-22,1776.30004882812
2021-06-23,1782.30004882812
2021-06-24,1775.59997558594
2021-06-25,1776.59997558594
2021-06-26,1776.59997558594
2021-06-27,1776.59997558594
2021-06-28,1779.59997558594
2021-06-29,1762.80004882812
2021-06-30,1770.80004882812
2021-07-01,1775.90002441406
2021-07-02,1782.59997558594
2021-07-03,1782.59997558594
2021-07-04,1782.59997558594
2021-07-05,1782.59997558594
2021-07-06,1793.5
2021-07-07,1801.5
2021-07-08,1799.59997558594
2021-07-09,1810
2021-07-10,1810
2021-07-11,1810
2021-07-12,1805.5
2021-07-13,1809.40002441406
2021-07-14,1824.30004882812
2021-07-15,1828.40002441406
2021-07-16,1814.5
2021-07-17,1814.5
2021-07-18,1814.5
2021-07-19,1808.69995117188
2021-07-20,1810.90002441406
2021-07-21,1802.90002441406
2021-07-22,1805
2021-07-23,1801.40002441406
2021-07-24,1801.40002441406
2021-07-25,1801.40002441406
2021-07-26,1798.69995117188
2021-07-27,1799.5
2021-07-28,1799.5
2021-07-29,1831.19995117188
2021-07-30,1812.59997558594
2021-07-31,1812.59997558594
2021-08-01,1812.59997558594
2021-08-02,1818.09997558594
2021-08-03,1810.09997558594
2021-08-04,1810.5
2021-08-05,1805.09997558594
2021-08-06,1760
2021-08-07,1760
2021-08-08,1760
2021-08-09,1723.40002441406
2021-08-10,1728.80004882812
2021-08-11,1750.40002441406
2021-08-12,1749
2021-08-13,1775.19995117188
2021-08-14,1775.19995117188
2021-08-15,1775.19995117188
2021-08-16,1786.90002441406
2021-08-17,1785
2021-08-18,1781.59997558594
2021-08-19,1780.19995117188
2021-08-20,1781
2021-08-21,1781
2021-08-22,1781
2021-08-23,1803.19995117188
2021-08-24,1805.59997558594
2021-08-25,1788.19995117188
2021-08-26,1792.19995117188
2021-08-27,1816.59997558594
2021-08-28,1816.59997558594
2021-08-29,1816.59997558594
2021-08-30,1809
2021-08-31,1815
2021-09-01,1813.09997558594
2021-09-02,1808.69995117188
2021-09-03,1830.90002441406
2021-09-04,1830.90002441406
2021-09-05,1830.90002441406
2021-09-06,1830.90002441406
2021-09-07,1795.90002441406
2021-09-08,1790.69995117188
2021-09-09,1797.40002441406
2021-09-10,1789.59997558594
2021-09-11,1789.59997558594
2021-09-12,1789.59997558594
2021-09-13,1792
2021-09-14,1804.69995117188
2021-09-15,1792.40002441406
2021-09-16,1754.59997558594
2021-09-17,1749.40002441406
2021-09-18,1749.40002441406
2021-09-19,1749.40002441406
2021-09-20,1761.80004882812
2021-09-21,1776
2021-09-22,1776.69995117188
2021-09-23,1747.69995117188
2021-09-24,1749.69995117188
2021-09-25,1749.69995117188
2021-09-26,1749.69995117188
2021-09-27,1750
2021-09-28,1735.80004882812
2021-09-29,1721.5
2021-09-30,1755.30004882812
2021-10-01,1757
2021-10-02,1757
2021-10-03,1757
2021-10-04,1766.19995117188
2021-10-05,1759.59997558594
2021-10-06,1760.5
2021-10-07,1757.90002441406
2021-10-08,1756.30004882812
2021-10-09,1756.30004882812
2021-10-10,1756.30004882812
2021-10-11,1754.59997558594
2021-10-12,1758.30004882812
2021-10-13,1793.69995117188
2021-10-14,1796.69995117188
2021-10-15,1767.19995117188
2021-10-16,1767.19995117188
2021-10-17,1767.19995117188
2021-10-18,1764.80004882812
2021-10-19,1769.69995117188
2021-10-20,1784.09997558594
2021-10-21,1781.19995117188
2021-10-22,1795.5
2021-10-23,1795.5
2021-10-24,1795.5
2021-10-25,1806
2021-10-26,1792.69995117188
2021-10-27,1797.90002441406
2021-10-28,1801.59997558594
2021-10-29,1783
2021-10-30,1783
2021-10-31,1783
2021-11-01,1795.09997558594
2021-11-02,1788.69995117188
2021-11-03,1763.59997558594
2021-11-04,1793
2021-11-05,1816.40002441406
2021-11-06,1816.40002441406
2021-11-07,1816.40002441406
2021-11-08,1827.40002441406
2021-11-09,1830.19995117188
2021-11-10,1847.59997558594
2021-11-11,1863.19995117188
2021-11-12,1867.90002441406
2021-11-13,1867.90002441406
2021-11-14,1867.90002441406
2021-11-15,1866.09997558594
2021-11-16,1853.59997558594
2021-11-17,1869.69995117188
2021-11-18,1861
2021-11-19,1851.19995117188
2021-11-20,1851.19995117188
2021-11-21,1851.19995117188
2021-11-22,1806
2021-11-23,1783.5
2021-11-24,1784.09997558594
2021-11-25,1784.09997558594
2021-11-26,1785.30004882812
2021-11-27,1785.30004882812
2021-11-28,1785.30004882812
2021-11-29,1782.30004882812
2021-11-30,1773.59997558594
2021-12-01,1781.59997558594
2021-12-02,1760.69995117188
2021-12-03,1782
2021-12-04,1782
2021-12-05,1782
2021-12-06,1777.5
2021-12-07,1782.59997558594
2021-12-08,1783.40002441406
2021-12-09,1774.59997558594
2021-12-10,1782.90002441406
2021-12-11,1782.90002441406
2021-12-12,1782.90002441406
2021-12-13,1786.30004882812
2021-12-14,1770.40002441406
2021-12-15,1762.59997558594
2021-12-16,1796.59997558594
2021-12-17,1803.80004882812
2021-12-18,1803.80004882812
2021-12-19,1803.80004882812
2021-12-20,1793.69995117188
2021-12-21,1787.90002441406
2021-12-22,1801.59997558594
2021-12-23,1811.19995117188
2021-12-24,1811.19995117188
2021-12-25,1811.19995117188
2021-12-26,1811.19995117188
2021-12-27,1808.09997558594
2021-12-28,1810.19995117188
2021-12-29,1805.09997558594
2021-12-30,1812.69995117188
2021-12-31,1827.5
2022-01-01,1827.5
2022-01-02,1827.5
2022-01-03,1799.40002441406
2022-01-04,1814
2022-01-05,1824.59997558594
2022-01-06,1788.69995117188
2022-01-07,1797
2022-01-08,1797
2022-01-09,1797
2022-01-10,1798.40002441406
2022-01-11,1818.59997558594
2022-01-12,1827.19995117188
2022-01-13,1821.19995117188
2022-01-14,1816.5
2022-01-15,1816.5
2022-01-16,1816.5
2022-01-17,1816.5
2022-01-18,1812.30004882812
2022-01-19,1843.09997558594
2022-01-20,1842.5
2022-01-21,1831.80004882812
2022-01-22,1831.80004882812
2022-01-23,1831.80004882812
2022-01-24,1841.69995117188
2022-01-25,1852.69995117188
2022-01-26,1829.90002441406
2022-01-27,1793.30004882812
2022-01-28,1784.90002441406
2022-01-29,1784.90002441406
2022-01-30,1784.90002441406
2022-01-31,1795
2022-02-01,1800.30004882812
2022-02-02,1809.19995117188
2022-02-03,1803
2022-02-04,1806.59997558594
2022-02-05,1806.59997558594
2022-02-06,1806.59997558594
2022-02-07,1820.59997558594
2022-02-08,1826.59997558594
2022-02-09,1835.19995117188
2022-02-10,1836.19995117188
2022-02-11,1840.80004882812
2022-02-12,1840.80004882812
2022-02-13,1840.80004882812
2022-02-14,1868
2022-02-15,1854.80004882812
2022-02-16,1870.19995117188
2022-02-17,1900.69995117188
2022-02-18,1898.59997558594
2022-02-19,1898.59997558594
2022-02-20,1898.59997558594
2022-02-21,1898.59997558594
2022-02-22,1906.09997558594
2022-02-23,1909.19995117188
2022-02-24,1925.09997558594
2022-02-25,1886.5
2022-02-26,1886.5
2022-02-27,1886.5
2022-02-28,1899.40002441406
2022-03-01,1942.40002441406
2022-03-02,1920.90002441406
2022-03-03,1934.40002441406
2022-03-04,1965.09997558594
2022-03-05,1965.09997558594
2022-03-06,1965.09997558594
2022-03-07,1993.90002441406
2022-03-08,2040.09997558594
2022-03-09,1985.90002441406
2022-03-10,1998.09997558594
2022-03-11,1982.69995117188
2022-03-12,1982.69995117188
2022-03-13,1982.69995117188
2022-03-14,1959.59997558594
2022-03-15,1928.5
2022-03-16,1908
2022-03-17,1942.09997558594
2022-03-18,1928.19995117188
2022-03-19,1928.19995117188
2022-03-20,1928.19995117188
2022-03-21,1928.59997558594
2022-03-22,1920.69995117188
2022-03-23,1936.59997558594
2022-03-24,1961.59997558594
2022-03-25,1953.80004882812
2022-03-26,1953.80004882812
2022-03-27,1953.80004882812
2022-03-28,1939.59997558594
2022-03-29,1912
2022-03-30,1933.5
2022-03-31,1949.19995117188
2022-04-01,1919.09997558594
2022-04-02,1919.09997558594
2022-04-03,1919.09997558594
2022-04-04,1929.19995117188
2022-04-05,1922.90002441406
2022-04-06,1918.40002441406
2022-04-07,1933.80004882812
2022-04-08,1941.59997558594
2022-04-09,1941.59997558594
2022-04-10,1941.59997558594
2022-04-11,1944.30004882812
2022-04-12,1972.09997558594
2022-04-13,1981
2022-04-14,1970.90002441406
2022-04-15,1970.90002441406
2022-04-16,1970.90002441406
2022-04-17,1970.90002441406
2022-04-18,1982.90002441406
2022-04-19,1955.69995117188
2022-04-20,1952.30004882812
2022-04-21,1944.90002441406
2022-04-22,1931
2022-04-23,1931
2022-04-24,1931
2022-04-25,1893.19995117188
2022-04-26,1901.40002441406
2022-04-27,1885.90002441406
2022-04-28,1888.69995117188
2022-04-29,1909.30004882812
2022-04-30,1909.30004882812
2022-05-01,1909.30004882812
2022-05-02,1861.80004882812
2022-05-03,1868.80004882812
2022-05-04,1867
2022-05-05,1874
2022-05-06,1881.19995117188
2022-05-07,1881.19995117188
2022-05-08,1881.19995117188
2022-05-09,1857.09997558594
2022-05-10,1839.90002441406
2022-05-11,1852.59997558594
2022-05-12,1823.80004882812
2022-05-13,1807.40002441406
2022-05-14,1807.40002441406
2022-05-15,1807.40002441406
2022-05-16,1813.5
2022-05-17,1818.19995117188
2022-05-18,1815.90002441406
2022-05-19,1841.19995117188
2022-05-20,1841.80004882812
2022-05-21,1841.80004882812
2022-05-22,1841.80004882812
2022-05-23,1847.80004882812
2022-05-24,1865.09997558594
2022-05-25,1846.19995117188
2022-05-26,1847.40002441406
2022-05-27,1851.30004882812
2022-05-28,1851.30004882812
2022-05-29,1851.30004882812
2022-05-30,1851.30004882812
2022-05-31,1842.69995117188
2022-06-01,1843.30004882812
2022-06-02,1866.5
2022-06-03,1845.40002441406
2022-06-04,1845.40002441406
2022-06-05,1845.40002441406
2022-06-06,1839.19995117188
2022-06-07,1847.5
2022-06-08,1851.90002441406
2022-06-09,1848.80004882812
2022-06-10,1871.5
2022-06-11,1871.5
2022-06-12,1871.5
2022-06-13,1828
2022-06-14,1809.5
2022-06-15,1815.30004882812
2022-06-16,1845.69995117188
2022-06-17,1835.59997558594
2022-06-18,1835.59997558594
2022-06-19,1835.59997558594
2022-06-20,1835.59997558594
2022-06-21,1834.59997558594
2022-06-22,1834.30004882812
2022-06-23,1825.69995117188
2022-06-24,1826.5
2022-06-25,1826.5
2022-06-26,1826.5
2022-06-27,1820.90002441406
2022-06-28,1817.5
2022-06-29,1813.69995117188
2022-06-30,1804.09997558594
2022-07-01,1798.90002441406
2022-07-02,1798.90002441406
2022-07-03,1798.90002441406
2022-07-04,1798.90002441406
2022-07-05,1761.80004882812
2022-07-06,1734.90002441406
2022-07-07,1737.90002441406
2022-07-08,1740.59997558594
2022-07-09,1740.59997558594
2022-07-10,1740.59997558594
2022-07-11,1730
2022-07-12,1723.30004882812
2022-07-13,1734.19995117188
2022-07-14,1704.5
2022-07-15,1702.40002441406
2022-07-16,1702.40002441406
2022-07-17,1702.40002441406
2022-07-18,1709.19995117188
2022-07-19,1710
2022-07-20,1699.5
2022-07-21,1712.69995117188
2022-07-22,1727.09997558594
2022-07-23,1727.09997558594
2022-07-24,1727.09997558594
2022-07-25,1719
2022-07-26,1717.69995117188
2022-07-27,1719.09997558594
2022-07-28,1750.30004882812
2022-07-29,1762.90002441406
2022-07-30,1762.90002441406
2022-07-31,1762.90002441406
2022-08-01,1769
2022-08-02,1771.09997558594
2022-08-03,1758
2022-08-04,1788.5
2022-08-05,1772.90002441406
2022-08-06,1772.90002441406
2022-08-07,1772.90002441406
2022-08-08,1786.80004882812
2022-08-09,1794
2022-08-10,1795.59997558594
2022-08-11,1789.69995117188
2022-08-12,1798.59997558594
2022-08-13,1798.59997558594
2022-08-14,1798.59997558594
2022-08-15,1781.40002441406
2022-08-16,1773.19995117188
2022-08-17,1760.30004882812
2022-08-18,1755.30004882812
2022-08-19,1747.59997558594
2022-08-20,1747.59997558594
2022-08-21,1747.59997558594
2022-08-22,1734
2022-08-23,1746.80004882812
2022-08-24,1747.80004882812
2022-08-25,1757.69995117188
2022-08-26,1736.09997558594
2022-08-27,1736.09997558594
2022-08-28,1736.09997558594
2022-08-29,1736.59997558594
2022-08-30,1723.19995117188
2022-08-31,1712.80004882812
2022-09-01,1696.59997558594
2022-09-02,1709.80004882812
2022-09-03,1709.80004882812
2022-09-04,1709.80004882812
2022-09-05,1709.80004882812
2022-09-06,1700.40002441406
2022-09-07,1715.30004882812
2022-09-08,1708
2022-09-09,1716.19995117188
2022-09-10,1716.19995117188
2022-09-11,1716.19995117188
2022-09-12,1728.09997558594
2022-09-13,1705
2022-09-14,1696.5
2022-09-15,1665.40002441406
2022-09-16,1671.69995117188
2022-09-17,1671.69995117188
2022-09-18,1671.69995117188
2022-09-19,1666.19995117188
2022-09-20,1659.69995117188
2022-09-21,1664.59997558594
2022-09-22,1670.80004882812
2022-09-23,1645.30004882812
2022-09-24,1645.30004882812
2022-09-25,1645.30004882812
2022-09-26,1623.30004882812
2022-09-27,1626.69995117188
2022-09-28,1660.40002441406
2022-09-29,1658.5
2022-09-30,1662.40002441406
2022-10-01,1662.40002441406
2022-10-02,1662.40002441406
2022-10-03,1692.90002441406
2022-10-04,1721.09997558594
2022-10-05,1711.40002441406
2022-10-06,1711.69995117188
2022-10-07,1700.5
2022-10-08,1700.5
2022-10-09,1700.5
2022-10-10,1667.30004882812
2022-10-11,1678.69995117188
2022-10-12,1670.30004882812
2022-10-13,1670
2022-10-14,1641.69995117188
2022-10-15,1641.69995117188
2022-10-16,1641.69995117188
2022-10-17,1657
2022-10-18,1649
2022-10-19,1627.5
2022-10-20,1630.80004882812
2022-10-21,1651
2022-10-22,1651
2022-10-23,1651
2022-10-24,1648.69995117188
2022-10-25,1652.80004882812
2022-10-26,1664
2022-10-27,1660.69995117188
2022-10-28,1639.59997558594
2022-10-29,1639.59997558594
2022-10-30,1639.59997558594
2022-10-31,1635.90002441406
2022-11-01,1645
2022-11-02,1645.69995117188
2022-11-03,1627.30004882812
2022-11-04,1672.5
2022-11-05,1672.5
2022-11-06,1672.5
2022-11-07,1676.5
2022-11-08,1712.09997558594
2022-11-09,1710.09997558594
2022-11-10,1750.30004882812
2022-11-11,1766
2022-11-12,1766
2022-11-13,1766
2022-11-14,1773.59997558594
2022-11-15,1773.80004882812
2022-11-16,1773
2022-11-17,1760.80004882812
2022-11-18,1751.90002441406
2022-11-19,1751.90002441406
2022-11-20,1751.90002441406
2022-11-21,1737.40002441406
2022-11-22,1738.30004882812
2022-11-23,1744.90002441406
2022-11-24,1744.90002441406
2022-11-25,1753.30004882812
2022-11-26,1753.30004882812
2022-11-27,1753.30004882812
2022-11-28,1740.09997558594
2022-11-29,1748.40002441406
2022-11-30,1746
2022-12-01,1801.09997558594
2022-12-02,1795.90002441406
2022-12-03,1795.90002441406
2022-12-04,1795.90002441406
2022-12-05,1767.40002441406
2022-12-06,1769.30004882812
2022-12-07,1785.5
2022-12-08,1788.69995117188
2022-12-09,1798.09997558594
2022-12-10,1798.09997558594
2022-12-11,1798.09997558594
2022-12-12,1780.5
2022-12-13,1813.90002441406
2022-12-14,1807.5
2022-12-15,1777.19995117188
2022-12-16,1790
2022-12-17,1790
2022-12-18,1790
2022-12-19,1787.69995117188
2022-12-20,1815.90002441406
2022-12-21,1815.90002441406
2022-12-22,1787
2022-12-23,1795.90002441406
2022-12-24,1795.90002441406
2022-12-25,1795.90002441406
2022-12-26,1795.90002441406
2022-12-27,1814.80004882812
2022-12-28,1807.90002441406
2022-12-29,1819.5
2022-12-30,1819.69995117188
2022-12-31,1819.69995117188
2023-01-01,1819.69995117188
2023-01-02,1819.69995117188
2023-01-03,1839.69995117188
2023-01-04,1852.80004882812
2023-01-05,1834.80004882812
2023-01-06,1864.19995117188
2023-01-07,1864.19995117188
2023-01-08,1864.19995117188
2023-01-09,1872.69995117188
2023-01-10,1871.59997558594
2023-01-11,1874.59997558594
2023-01-12,1895.5
2023-01-13,1918.40002441406
2023-01-14,1918.40002441406
2023-01-15,1918.40002441406
2023-01-16,1918.40002441406
2023-01-17,1907.19995117188
2023-01-18,1904.40002441406
2023-01-19,1922.09997558594
2023-01-20,1926.40002441406
2023-01-21,1926.40002441406
2023-01-22,1926.40002441406
2023-01-23,1927.09997558594
2023-01-24,1933.90002441406
2023-01-25,1941.19995117188
2023-01-26,1929.09997558594
2023-01-27,1928.59997558594
2023-01-28,1928.59997558594
2023-01-29,1928.59997558594
2023-01-30,1922.90002441406
2023-01-31,1929.5
2023-02-01,1927.80004882812
2023-02-02,1916.30004882812
2023-02-03,1862.90002441406
2023-02-04,1862.90002441406
2023-02-05,1862.90002441406
2023-02-06,1866.19995117188
2023-02-07,1871.69995117188
2023-02-08,1877.40002441406
2023-02-09,1866.19995117188
2023-02-10,1862.80004882812
2023-02-11,1862.80004882812
2023-02-12,1862.80004882812
2023-02-13,1851.90002441406
2023-02-14,1854
2023-02-15,1834.19995117188
2023-02-16,1842
2023-02-17,1840.40002441406
2023-02-18,1840.40002441406
2023-02-19,1840.40002441406
2023-02-20,1840.40002441406
2023-02-21,1833
2023-02-22,1832
2023-02-23,1818
2023-02-24,1808.80004882812
2023-02-25,1808.80004882812
2023-02-26,1808.80004882812
2023-02-27,1817
2023-02-28,1828.90002441406
2023-03-01,1837.69995117188
2023-03-02,1833.5
2023-03-03,1847.69995117188
2023-03-04,1847.69995117188
2023-03-05,1847.69995117188
2023-03-06,1847.90002441406
2023-03-07,1813.90002441406
2023-03-08,1812.69995117188
2023-03-09,1829.30004882812
2023-03-10,1862
2023-03-11,1862
2023-03-12,1862
2023-03-13,1911.69995117188
2023-03-14,1906.19995117188
2023-03-15,1926.59997558594
2023-03-16,1919
2023-03-17,1969.80004882812
2023-03-18,1969.80004882812
2023-03-19,1969.80004882812
2023-03-20,1979.19995117188
2023-03-21,1938
2023-03-22,1946.80004882812
2023-03-23,1993.80004882812
2023-03-24,1982.09997558594
2023-03-25,1982.09997558594
2023-03-26,1982.09997558594
2023-03-27,1952.40002441406
2023-03-28,1972.40002441406
2023-03-29,1966.09997558594
2023-03-30,1980.30004882812
2023-03-31,1969
2023-04-01,1969
2023-04-02,1969
2023-04-03,1983.90002441406
2023-04-04,2022.19995117188
2023-04-05,2020.90002441406
2023-04-06,2011.90002441406
2023-04-07,2011.90002441406
2023-04-08,2011.90002441406
2023-04-09,2011.90002441406
2023-04-10,1989.09997558594
2023-04-11,2004.80004882812
2023-04-12,2010.90002441406
2023-04-13,2041.30004882812
2023-04-14,2002.19995117188
2023-04-15,2002.19995117188
2023-04-16,2002.19995117188
2023-04-17,1994.19995117188
2023-04-18,2007.40002441406
2023-04-19,1995.19995117188
2023-04-20,2007.59997558594
2023-04-21,1979.5
2023-04-22,1979.5
2023-04-23,1979.5
2023-04-24,1989.09997558594
2023-04-25,1994
2023-04-26,1985.69995117188
2023-04-27,1989.90002441406
2023-04-28,1990.09997558594
2023-04-29,1990.09997558594
2023-04-30,1990.09997558594
2023-05-01,1983.40002441406
2023-05-02,2014.30004882812
2023-05-03,2028.59997558594
2023-05-04,2048
2023-05-05,2017.40002441406
2023-05-06,2017.40002441406
2023-05-07,2017.40002441406
2023-05-08,2026.30004882812
2023-05-09,2036.19995117188
2023-05-10,2030.5
2023-05-11,2014.69995117188
2023-05-12,2014.5
2023-05-13,2014.5
2023-05-14,2014.5
2023-05-15,2018
2023-05-16,1988.40002441406
2023-05-17,1980.69995117188
2023-05-18,1956.5
2023-05-19,1978.69995117188
2023-05-20,1978.69995117188
2023-05-21,1978.69995117188
2023-05-22,1974.80004882812
2023-05-23,1972.40002441406
2023-05-24,1962.80004882812
2023-05-25,1943.09997558594
2023-05-26,1944.09997558594
2023-05-27,1944.09997558594
2023-05-28,1944.09997558594
2023-05-29,1944.09997558594
2023-05-30,1958
2023-05-31,1963.90002441406
2023-06-01,1978
2023-06-02,1952.40002441406
2023-06-03,1952.40002441406
2023-06-04,1952.40002441406
2023-06-05,1958
2023-06-06,1965.5
2023-06-07,1942.69995117188
2023-06-08,1963.59997558594
2023-06-09,1962.19995117188
2023-06-10,1962.19995117188
2023-06-11,1962.19995117188
2023-06-12,1955.30004882812
2023-06-13,1944.59997558594
2023-06-14,1955.30004882812
2023-06-15,1957.80004882812
2023-06-16,1958.40002441406
2023-06-17,1958.40002441406
2023-06-18,1958.40002441406
2023-06-19,1958.40002441406
2023-06-20,1935.5
2023-06-21,1933.30004882812
2023-06-22,1912.69995117188
2023-06-23,1919.09997558594
2023-06-24,1919.09997558594
2023-06-25,1919.09997558594
2023-06-26,1923.69995117188
2023-06-27,1914
2023-06-28,1912.30004882812
2023-06-29,1909.19995117188
2023-06-30,1921.09997558594
2023-07-01,1921.09997558594
2023-07-02,1921.09997558594
2023-07-03,1921.69995117188
2023-07-04,1921.69995117188
2023-07-05,1919.59997558594
2023-07-06,1908.69995117188
2023-07-07,1926.19995117188
2023-07-08,1926.19995117188
2023-07-09,1926.19995117188
2023-07-10,1925
2023-07-11,1931.30004882812
2023-07-12,1956.19995117188
2023-07-13,1959.19995117188
2023-07-14,1960.09997558594
2023-07-15,1960.09997558594
2023-07-16,1960.09997558594
2023-07-17,1952.40002441406
2023-07-18,1977.19995117188
2023-07-19,1977.5
2023-07-20,1968.30004882812
2023-07-21,1964.30004882812
2023-07-22,1964.30004882812
2023-07-23,1964.30004882812
2023-07-24,1960.30004882812
2023-07-25,1962.09997558594
2023-07-26,1968.90002441406
2023-07-27,1945.40002441406
2023-07-28,1960.40002441406
2023-07-29,1960.40002441406
2023-07-30,1960.40002441406
2023-07-31,1970.5
2023-08-01,1940.69995117188
2023-08-02,1937.40002441406
2023-08-03,1932
2023-08-04,1939.59997558594
2023-08-05,1939.59997558594
2023-08-06,1939.59997558594
2023-08-07,1933.5
2023-08-08,1924.09997558594
2023-08-09,1915.40002441406
2023-08-10,1914.40002441406
2023-08-11,1912.90002441406
2023-08-12,1912.90002441406
2023-08-13,1912.90002441406
2023-08-14,1910.59997558594
2023-08-15,1902.5
2023-08-16,1896.09997558594
2023-08-17,1884.09997558594
2023-08-18,1886.09997558594
2023-08-19,1886.09997558594
2023-08-20,1886.09997558594
2023-08-21,1893.30004882812
2023-08-22,1896.40002441406
2023-08-23,1918.5
2023-08-24,1918.19995117188
2023-08-25,1911.09997558594
2023-08-26,1911.09997558594
2023-08-27,1911.09997558594
2023-08-28,1917.90002441406
2023-08-29,1936.5
2023-08-30,1944.30004882812
2023-08-31,1938.19995117188
2023-09-01,1939.80004882812
2023-09-02,1939.80004882812
2023-09-03,1939.80004882812
2023-09-04,1939.80004882812
2023-09-05,1926.19995117188
2023-09-06,1918.09997558594
2023-09-07,1917.5
2023-09-08,1918.40002441406
2023-09-09,1918.40002441406
2023-09-10,1918.40002441406
2023-09-11,1923.30004882812
2023-09-12,1911.30004882812
2023-09-13,1909.09997558594
2023-09-14,1910
2023-09-15,1923.69995117188
2023-09-16,1923.69995117188
2023-09-17,1923.69995117188
2023-09-18,1931.5
2023-09-19,1932
2023-09-20,1945.59997558594
2023-09-21,1919.19995117188
2023-09-22,1925.40002441406
2023-09-23,1925.40002441406
2023-09-24,1925.40002441406
2023-09-25,1916.59997558594
2023-09-26,1900.40002441406
2023-09-27,1871.59997558594
2023-09-28,1860.40002441406
2023-09-29,1848.09997558594
2023-09-30,1848.09997558594
2023-10-01,1848.09997558594
2023-10-02,1830
2023-10-03,1824.59997558594
2023-10-04,1818.5
2023-10-05,1816.59997558594
2023-10-06,1830.19995117188
2023-10-07,1830.19995117188
2023-10-08,1830.19995117188
2023-10-09,1849.5
2023-10-10,1861
2023-10-11,1872.80004882812
2023-10-12,1869.30004882812
2023-10-13,1927.40002441406
2023-10-14,1927.40002441406
2023-10-15,1927.40002441406
2023-10-16,1921.09997558594
2023-10-17,1922.69995117188
2023-10-18,1955.30004882812
2023-10-19,1968.40002441406
2023-10-20,1982.5
2023-10-21,1982.5
2023-10-22,1982.5
2023-10-23,1976.30004882812
2023-10-24,1975
2023-10-25,1984.09997558594
2023-10-26,1987.19995117188
2023-10-27,1988.59997558594
2023-10-28,1988.59997558594
2023-10-29,1988.59997558594
2023-10-30,1996.19995117188
2023-10-31,1985.19995117188
2023-11-01,1978.80004882812
2023-11-02,1985.59997558594
2023-11-03,1991.5
2023-11-04,1991.5
2023-11-05,1991.5
2023-11-06,1981.59997558594
2023-11-07,1966.80004882812
2023-11-08,1951.5
2023-11-09,1964.19995117188
2023-11-10,1932.59997558594
2023-11-11,1932.59997558594
2023-11-12,1932.59997558594
2023-11-13,1945.5
2023-11-14,1961.80004882812
2023-11-15,1960.09997558594
2023-11-16,1983.90002441406
2023-11-17,1981.59997558594
2023-11-18,1981.59997558594
2023-11-19,1981.59997558594
2023-11-20,1977.69995117188
2023-11-21,1999.30004882812
2023-11-22,1991.40002441406
2023-11-23,1991.5
2023-11-24,2002.19995117188
2023-11-25,2002.19995117188
2023-11-26,2002.19995117188
2023-11-27,2011.80004882812
2023-11-28,2039.69995117188
2023-11-29,2047.09997558594
2023-11-30,2038.09997558594
2023-12-01,2071
2023-12-02,2071
2023-12-03,2071
2023-12-04,2024.09997558594
2023-12-05,2018.5
2023-12-06,2030.5
2023-12-07,2029.90002441406
2023-12-08,1998.30004882812
2023-12-09,1998.30004882812
2023-12-10,1998.30004882812
2023-12-11,1978
2023-12-12,1977.80004882812
2023-12-13,1982.30004882812
2023-12-14,2030.19995117188
2023-12-15,2021.09997558594
2023-12-16,2021.09997558594
2023-12-17,2021.09997558594
2023-12-18,2026.30004882812
2023-12-19,2038.40002441406
2023-12-20,2034.5
2023-12-21,2039.09997558594
2023-12-22,2057.10009765625
2023-12-23,2057.10009765625
2023-12-24,2057.10009765625
2023-12-25,2057.10009765625
2023-12-26,2058.19995117188
2023-12-27,2081.89990234375
2023-12-28,2073.89990234375
2023-12-29,2062.39990234375
