"date","coupon"
2014-01-02,0.07
2014-01-03,0.07
2014-01-04,0.07
2014-01-05,0.07
2014-01-06,0.05
2014-01-07,0.04
2014-01-08,0.05
2014-01-09,0.04
2014-01-10,0.05
2014-01-11,0.05
2014-01-12,0.05
2014-01-13,0.03
2014-01-14,0.04
2014-01-15,0.04
2014-01-16,0.04
2014-01-17,0.05
2014-01-18,0.05
2014-01-19,0.05
2014-01-20,0.05
2014-01-21,0.04
2014-01-22,0.04
2014-01-23,0.04
2014-01-24,0.04
2014-01-25,0.04
2014-01-26,0.04
2014-01-27,0.05
2014-01-28,0.05
2014-01-29,0.04
2014-01-30,0.02
2014-01-31,0.02
2014-02-01,0.02
2014-02-02,0.02
2014-02-03,0.05
2014-02-04,0.06
2014-02-05,0.07
2014-02-06,0.07
2014-02-07,0.08
2014-02-08,0.08
2014-02-09,0.08
2014-02-10,0.07
2014-02-11,0.05
2014-02-12,0.05
2014-02-13,0.03
2014-02-14,0.02
2014-02-15,0.02
2014-02-16,0.02
2014-02-17,0.02
2014-02-18,0.05
2014-02-19,0.06
2014-02-20,0.05
2014-02-21,0.05
2014-02-22,0.05
2014-02-23,0.05
2014-02-24,0.05
2014-02-25,0.05
2014-02-26,0.05
2014-02-27,0.04
2014-02-28,0.05
2014-03-01,0.05
2014-03-02,0.05
2014-03-03,0.05
2014-03-04,0.05
2014-03-05,0.06
2014-03-06,0.05
2014-03-07,0.06
2014-03-08,0.06
2014-03-09,0.06
2014-03-10,0.05
2014-03-11,0.05
2014-03-12,0.05
2014-03-13,0.05
2014-03-14,0.05
2014-03-15,0.05
2014-03-16,0.05
2014-03-17,0.06
2014-03-18,0.05
2014-03-19,0.06
2014-03-20,0.06
2014-03-21,0.06
2014-03-22,0.06
2014-03-23,0.06
2014-03-24,0.06
2014-03-25,0.05
2014-03-26,0.05
2014-03-27,0.04
2014-03-28,0.04
2014-03-29,0.04
2014-03-30,0.04
2014-03-31,0.05
2014-04-01,0.04
2014-04-02,0.02
2014-04-03,0.02
2014-04-04,0.03
2014-04-05,0.03
2014-04-06,0.03
2014-04-07,0.03
2014-04-08,0.03
2014-04-09,0.04
2014-04-10,0.04
2014-04-11,0.04
2014-04-12,0.04
2014-04-13,0.04
2014-04-14,0.04
2014-04-15,0.04
2014-04-16,0.04
2014-04-17,0.03
2014-04-18,0.03
2014-04-19,0.03
2014-04-20,0.03
2014-04-21,0.04
2014-04-22,0.03
2014-04-23,0.02
2014-04-24,0.01
2014-04-25,0.03
2014-04-26,0.03
2014-04-27,0.03
2014-04-28,0.03
2014-04-29,0.02
2014-04-30,0.03
2014-05-01,0.03
2014-05-02,0.02
2014-05-03,0.02
2014-05-04,0.02
2014-05-05,0.03
2014-05-06,0.03
2014-05-07,0.03
2014-05-08,0.03
2014-05-09,0.03
2014-05-10,0.03
2014-05-11,0.03
2014-05-12,0.03
2014-05-13,0.03
2014-05-14,0.03
2014-05-15,0.03
2014-05-16,0.03
2014-05-17,0.03
2014-05-18,0.03
2014-05-19,0.03
2014-05-20,0.03
2014-05-21,0.04
2014-05-22,0.03
2014-05-23,0.04
2014-05-24,0.04
2014-05-25,0.04
2014-05-26,0.04
2014-05-27,0.04
2014-05-28,0.04
2014-05-29,0.04
2014-05-30,0.04
2014-05-31,0.04
2014-06-01,0.04
2014-06-02,0.04
2014-06-03,0.04
2014-06-04,0.04
2014-06-05,0.04
2014-06-06,0.04
2014-06-07,0.04
2014-06-08,0.04
2014-06-09,0.04
2014-06-10,0.04
2014-06-11,0.04
2014-06-12,0.04
2014-06-13,0.04
2014-06-14,0.04
2014-06-15,0.04
2014-06-16,0.04
2014-06-17,0.04
2014-06-18,0.03
2014-06-19,0.02
2014-06-20,0.02
2014-06-21,0.02
2014-06-22,0.02
2014-06-23,0.03
2014-06-24,0.03
2014-06-25,0.03
2014-06-26,0.04
2014-06-27,0.03
2014-06-28,0.03
2014-06-29,0.03
2014-06-30,0.04
2014-07-01,0.02
2014-07-02,0.02
2014-07-03,0.01
2014-07-04,0.01
2014-07-05,0.01
2014-07-06,0.01
2014-07-07,0.04
2014-07-08,0.03
2014-07-09,0.03
2014-07-10,0.02
2014-07-11,0.02
2014-07-12,0.02
2014-07-13,0.02
2014-07-14,0.03
2014-07-15,0.02
2014-07-16,0.02
2014-07-17,0.02
2014-07-18,0.02
2014-07-19,0.02
2014-07-20,0.02
2014-07-21,0.03
2014-07-22,0.03
2014-07-23,0.03
2014-07-24,0.03
2014-07-25,0.03
2014-07-26,0.03
2014-07-27,0.03
2014-07-28,0.04
2014-07-29,0.02
2014-07-30,0.04
2014-07-31,0.03
2014-08-01,0.03
2014-08-02,0.03
2014-08-03,0.03
2014-08-04,0.04
2014-08-05,0.03
2014-08-06,0.03
2014-08-07,0.03
2014-08-08,0.03
2014-08-09,0.03
2014-08-10,0.03
2014-08-11,0.04
2014-08-12,0.03
2014-08-13,0.04
2014-08-14,0.04
2014-08-15,0.03
2014-08-16,0.03
2014-08-17,0.03
2014-08-18,0.03
2014-08-19,0.03
2014-08-20,0.04
2014-08-21,0.02
2014-08-22,0.03
2014-08-23,0.03
2014-08-24,0.03
2014-08-25,0.04
2014-08-26,0.03
2014-08-27,0.04
2014-08-28,0.03
2014-08-29,0.03
2014-08-30,0.03
2014-08-31,0.03
2014-09-01,0.03
2014-09-02,0.03
2014-09-03,0.03
2014-09-04,0.03
2014-09-05,0.03
2014-09-06,0.03
2014-09-07,0.03
2014-09-08,0.02
2014-09-09,0.02
2014-09-10,0.02
2014-09-11,0.02
2014-09-12,0.02
2014-09-13,0.02
2014-09-14,0.02
2014-09-15,0.02
2014-09-16,0.02
2014-09-17,0.02
2014-09-18,0.02
2014-09-19,0.02
2014-09-20,0.02
2014-09-21,0.02
2014-09-22,0.01
2014-09-23,0.01
2014-09-24,0.02
2014-09-25,0.01
2014-09-26,0.01
2014-09-27,0.01
2014-09-28,0.01
2014-09-29,0.02
2014-09-30,0.02
2014-10-01,0.02
2014-10-02,0.01
2014-10-03,0.01
2014-10-04,0.01
2014-10-05,0.01
2014-10-06,0.02
2014-10-07,0.02
2014-10-08,0.01
2014-10-09,0.01
2014-10-10,0.01
2014-10-11,0.01
2014-10-12,0.01
2014-10-13,0.01
2014-10-14,0.02
2014-10-15,0.02
2014-10-16,0.03
2014-10-17,0.02
2014-10-18,0.02
2014-10-19,0.02
2014-10-20,0.02
2014-10-21,0.02
2014-10-22,0.02
2014-10-23,0.01
2014-10-24,0.01
2014-10-25,0.01
2014-10-26,0.01
2014-10-27,0.02
2014-10-28,0.02
2014-10-29,0.03
2014-10-30,0.01
2014-10-31,0.01
2014-11-01,0.01
2014-11-02,0.01
2014-11-03,0.02
2014-11-04,0.03
2014-11-05,0.03
2014-11-06,0.03
2014-11-07,0.03
2014-11-08,0.03
2014-11-09,0.03
2014-11-10,0.02
2014-11-11,0.02
2014-11-12,0.02
2014-11-13,0.02
2014-11-14,0.02
2014-11-15,0.02
2014-11-16,0.02
2014-11-17,0.03
2014-11-18,0.02
2014-11-19,0.01
2014-11-20,0.02
2014-11-21,0.01
2014-11-22,0.01
2014-11-23,0.01
2014-11-24,0.02
2014-11-25,0.02
2014-11-26,0.02
2014-11-27,0.02
2014-11-28,0.02
2014-11-29,0.02
2014-11-30,0.02
2014-12-01,0.03
2014-12-02,0.03
2014-12-03,0.01
2014-12-04,0.02
2014-12-05,0.02
2014-12-06,0.02
2014-12-07,0.02
2014-12-08,0.03
2014-12-09,0.04
2014-12-10,0.03
2014-12-11,0.03
2014-12-12,0.02
2014-12-13,0.02
2014-12-14,0.02
2014-12-15,0.04
2014-12-16,0.03
2014-12-17,0.03
2014-12-18,0.04
2014-12-19,0.04
2014-12-20,0.04
2014-12-21,0.04
2014-12-22,0.05
2014-12-23,0.03
2014-12-24,0.01
2014-12-25,0.01
2014-12-26,0.01
2014-12-27,0.01
2014-12-28,0.01
2014-12-29,0.03
2014-12-30,0.03
2014-12-31,0.04
2015-01-01,0.04
2015-01-02,0.02
2015-01-03,0.02
2015-01-04,0.02
2015-01-05,0.03
2015-01-06,0.03
2015-01-07,0.03
2015-01-08,0.03
2015-01-09,0.02
2015-01-10,0.02
2015-01-11,0.02
2015-01-12,0.03
2015-01-13,0.03
2015-01-14,0.04
2015-01-15,0.03
2015-01-16,0.03
2015-01-17,0.03
2015-01-18,0.03
2015-01-19,0.03
2015-01-20,0.03
2015-01-21,0.03
2015-01-22,0.03
2015-01-23,0.02
2015-01-24,0.02
2015-01-25,0.02
2015-01-26,0.03
2015-01-27,0.02
2015-01-28,0.02
2015-01-29,0.03
2015-01-30,0.02
2015-01-31,0.02
2015-02-01,0.02
2015-02-02,0.02
2015-02-03,0.02
2015-02-04,0.01
2015-02-05,0.02
2015-02-06,0.02
2015-02-07,0.02
2015-02-08,0.02
2015-02-09,0.01
2015-02-10,0.01
2015-02-11,0.01
2015-02-12,0.02
2015-02-13,0.01
2015-02-14,0.01
2015-02-15,0.01
2015-02-16,0.01
2015-02-17,0.02
2015-02-18,0.02
2015-02-19,0.02
2015-02-20,0.02
2015-02-21,0.02
2015-02-22,0.02
2015-02-23,0.02
2015-02-24,0.02
2015-02-25,0.02
2015-02-26,0.03
2015-02-27,0.02
2015-02-28,0.02
2015-03-01,0.02
2015-03-02,0.02
2015-03-03,0.02
2015-03-04,0.01
2015-03-05,0.02
2015-03-06,0.01
2015-03-07,0.01
2015-03-08,0.01
2015-03-09,0.02
2015-03-10,0.02
2015-03-11,0.03
2015-03-12,0.03
2015-03-13,0.03
2015-03-14,0.03
2015-03-15,0.03
2015-03-16,0.05
2015-03-17,0.05
2015-03-18,0.03
2015-03-19,0.03
2015-03-20,0.01
2015-03-21,0.01
2015-03-22,0.01
2015-03-23,0.03
2015-03-24,0.02
2015-03-25,0.04
2015-03-26,0.03
2015-03-27,0.04
2015-03-28,0.04
2015-03-29,0.04
2015-03-30,0.04
2015-03-31,0.03
2015-04-01,0.03
2015-04-02,0.02
2015-04-03,0.02
2015-04-04,0.02
2015-04-05,0.02
2015-04-06,0.03
2015-04-07,0.02
2015-04-08,0.03
2015-04-09,0.03
2015-04-10,0.02
2015-04-11,0.02
2015-04-12,0.02
2015-04-13,0.03
2015-04-14,0.02
2015-04-15,0.02
2015-04-16,0.02
2015-04-17,0.01
2015-04-18,0.01
2015-04-19,0.01
2015-04-20,0.03
2015-04-21,0.03
2015-04-22,0.03
2015-04-23,0.03
2015-04-24,0.03
2015-04-25,0.03
2015-04-26,0.03
2015-04-27,0.02
2015-04-28,0.02
2015-04-29,0.01
2015-04-30,0.01
2015-05-01,0.01
2015-05-02,0.01
2015-05-03,0.01
2015-05-04,0.02
2015-05-05,0.01
2015-05-06,0.02
2015-05-07,0.01
2015-05-08,0.01
2015-05-09,0.01
2015-05-10,0.01
2015-05-11,0.02
2015-05-12,0.03
2015-05-13,0.02
2015-05-14,0.01
2015-05-15,0.02
2015-05-16,0.02
2015-05-17,0.02
2015-05-18,0.02
2015-05-19,0.02
2015-05-20,0.02
2015-05-21,0.02
2015-05-22,0.02
2015-05-23,0.02
2015-05-24,0.02
2015-05-25,0.02
2015-05-26,0.02
2015-05-27,0.01
2015-05-28,0.01
2015-05-29,0.01
2015-05-30,0.01
2015-05-31,0.01
2015-06-01,0.02
2015-06-02,0.01
2015-06-03,0.02
2015-06-04,0.02
2015-06-05,0.03
2015-06-06,0.03
2015-06-07,0.03
2015-06-08,0.02
2015-06-09,0.02
2015-06-10,0.02
2015-06-11,0.01
2015-06-12,0.02
2015-06-13,0.02
2015-06-14,0.02
2015-06-15,0.02
2015-06-16,0.01
2015-06-17,0.01
2015-06-18,0.01
2015-06-19,0.01
2015-06-20,0.01
2015-06-21,0.01
2015-06-22,0.01
2015-06-23,0.01
2015-06-24,0.01
2015-06-25,0.01
2015-06-26,0.01
2015-06-27,0.01
2015-06-28,0.01
2015-06-29,0.02
2015-06-30,0.01
2015-07-01,0.01
2015-07-02,0.01
2015-07-03,0.01
2015-07-04,0.01
2015-07-05,0.01
2015-07-06,0.02
2015-07-07,0.02
2015-07-08,0.02
2015-07-09,0.03
2015-07-10,0.01
2015-07-11,0.01
2015-07-12,0.01
2015-07-13,0.02
2015-07-14,0.01
2015-07-15,0.02
2015-07-16,0.02
2015-07-17,0.03
2015-07-18,0.03
2015-07-19,0.03
2015-07-20,0.04
2015-07-21,0.03
2015-07-22,0.04
2015-07-23,0.03
2015-07-24,0.04
2015-07-25,0.04
2015-07-26,0.04
2015-07-27,0.05
2015-07-28,0.05
2015-07-29,0.06
2015-07-30,0.07
2015-07-31,0.08
2015-08-01,0.08
2015-08-02,0.08
2015-08-03,0.08
2015-08-04,0.08
2015-08-05,0.08
2015-08-06,0.04
2015-08-07,0.06
2015-08-08,0.06
2015-08-09,0.06
2015-08-10,0.12
2015-08-11,0.1
2015-08-12,0.1
2015-08-13,0.1
2015-08-14,0.09
2015-08-15,0.09
2015-08-16,0.09
2015-08-17,0.1
2015-08-18,0.07
2015-08-19,0.05
2015-08-20,0.02
2015-08-21,0.03
2015-08-22,0.03
2015-08-23,0.03
2015-08-24,0.06
2015-08-25,0.07
2015-08-26,0.06
2015-08-27,0.06
2015-08-28,0.06
2015-08-29,0.06
2015-08-30,0.06
2015-08-31,0.08
2015-09-01,0.03
2015-09-02,0.03
2015-09-03,0.02
2015-09-04,0.02
2015-09-05,0.02
2015-09-06,0.02
2015-09-07,0.02
2015-09-08,0.06
2015-09-09,0.03
2015-09-10,0.02
2015-09-11,0.04
2015-09-12,0.04
2015-09-13,0.04
2015-09-14,0.07
2015-09-15,0.07
2015-09-16,0.06
2015-09-17,0.01
2015-09-18,-0.01
2015-09-19,-0.01
2015-09-20,-0.01
2015-09-21,0.01
2015-09-22,-0.01
2015-09-23,0.01
2015-09-24,0.01
2015-09-25,-0.01
2015-09-26,-0.01
2015-09-27,-0.01
2015-09-28,0.01
2015-09-29,0.01
2015-09-30,-0.01
2015-10-01,-0.02
2015-10-02,0
2015-10-03,0
2015-10-04,0
2015-10-05,0.01
2015-10-06,0
2015-10-07,0
2015-10-08,-0.01
2015-10-09,0.01
2015-10-10,0.01
2015-10-11,0.01
2015-10-12,0.01
2015-10-13,0.01
2015-10-14,0
2015-10-15,0.01
2015-10-16,0.01
2015-10-17,0.01
2015-10-18,0.01
2015-10-19,0.02
2015-10-20,0.02
2015-10-21,0.01
2015-10-22,0
2015-10-23,0.01
2015-10-24,0.01
2015-10-25,0.01
2015-10-26,0.02
2015-10-27,0.03
2015-10-28,0.04
2015-10-29,0.07
2015-10-30,0.08
2015-10-31,0.08
2015-11-01,0.08
2015-11-02,0.08
2015-11-03,0.06
2015-11-04,0.05
2015-11-05,0.05
2015-11-06,0.08
2015-11-07,0.08
2015-11-08,0.08
2015-11-09,0.14
2015-11-10,0.13
2015-11-11,0.13
2015-11-12,0.14
2015-11-13,0.13
2015-11-14,0.13
2015-11-15,0.13
2015-11-16,0.15
2015-11-17,0.14
2015-11-18,0.12
2015-11-19,0.11
2015-11-20,0.11
2015-11-21,0.11
2015-11-22,0.11
2015-11-23,0.14
2015-11-24,0.16
2015-11-25,0.19
2015-11-26,0.19
2015-11-27,0.17
2015-11-28,0.17
2015-11-29,0.17
2015-11-30,0.22
2015-12-01,0.21
2015-12-02,0.21
2015-12-03,0.21
2015-12-04,0.22
2015-12-05,0.22
2015-12-06,0.22
2015-12-07,0.3
2015-12-08,0.27
2015-12-09,0.26
2015-12-10,0.24
2015-12-11,0.22
2015-12-12,0.22
2015-12-13,0.22
2015-12-14,0.26
2015-12-15,0.25
2015-12-16,0.27
2015-12-17,0.23
2015-12-18,0.19
2015-12-19,0.19
2015-12-20,0.19
2015-12-21,0.24
2015-12-22,0.21
2015-12-23,0.2
2015-12-24,0.2
2015-12-25,0.2
2015-12-26,0.2
2015-12-27,0.2
2015-12-28,0.23
2015-12-29,0.23
2015-12-30,0.21
2015-12-31,0.16
2016-01-01,0.16
2016-01-02,0.16
2016-01-03,0.16
2016-01-04,0.22
2016-01-05,0.2
2016-01-06,0.21
2016-01-07,0.2
2016-01-08,0.2
2016-01-09,0.2
2016-01-10,0.2
2016-01-11,0.21
2016-01-12,0.21
2016-01-13,0.22
2016-01-14,0.25
2016-01-15,0.23
2016-01-16,0.23
2016-01-17,0.23
2016-01-18,0.23
2016-01-19,0.26
2016-01-20,0.26
2016-01-21,0.28
2016-01-22,0.31
2016-01-23,0.31
2016-01-24,0.31
2016-01-25,0.32
2016-01-26,0.32
2016-01-27,0.33
2016-01-28,0.35
2016-01-29,0.33
2016-01-30,0.33
2016-01-31,0.33
2016-02-01,0.36
2016-02-02,0.35
2016-02-03,0.34
2016-02-04,0.3
2016-02-05,0.3
2016-02-06,0.3
2016-02-07,0.3
2016-02-08,0.33
2016-02-09,0.31
2016-02-10,0.32
2016-02-11,0.28
2016-02-12,0.3
2016-02-13,0.3
2016-02-14,0.3
2016-02-15,0.3
2016-02-16,0.31
2016-02-17,0.31
2016-02-18,0.31
2016-02-19,0.31
2016-02-20,0.31
2016-02-21,0.31
2016-02-22,0.34
2016-02-23,0.33
2016-02-24,0.34
2016-02-25,0.33
2016-02-26,0.33
2016-02-27,0.33
2016-02-28,0.33
2016-02-29,0.33
2016-03-01,0.33
2016-03-02,0.36
2016-03-03,0.27
2016-03-04,0.28
2016-03-05,0.28
2016-03-06,0.28
2016-03-07,0.32
2016-03-08,0.29
2016-03-09,0.3
2016-03-10,0.31
2016-03-11,0.32
2016-03-12,0.32
2016-03-13,0.32
2016-03-14,0.35
2016-03-15,0.35
2016-03-16,0.31
2016-03-17,0.29
2016-03-18,0.29
2016-03-19,0.29
2016-03-20,0.29
2016-03-21,0.31
2016-03-22,0.3
2016-03-23,0.3
2016-03-24,0.29
2016-03-25,0.29
2016-03-26,0.29
2016-03-27,0.29
2016-03-28,0.29
2016-03-29,0.23
2016-03-30,0.2
2016-03-31,0.21
2016-04-01,0.23
2016-04-02,0.23
2016-04-03,0.23
2016-04-04,0.23
2016-04-05,0.23
2016-04-06,0.23
2016-04-07,0.23
2016-04-08,0.23
2016-04-09,0.23
2016-04-10,0.23
2016-04-11,0.23
2016-04-12,0.22
2016-04-13,0.23
2016-04-14,0.22
2016-04-15,0.22
2016-04-16,0.22
2016-04-17,0.22
2016-04-18,0.22
2016-04-19,0.21
2016-04-20,0.23
2016-04-21,0.23
2016-04-22,0.23
2016-04-23,0.23
2016-04-24,0.23
2016-04-25,0.25
2016-04-26,0.24
2016-04-27,0.24
2016-04-28,0.22
2016-04-29,0.22
2016-04-30,0.22
2016-05-01,0.22
2016-05-02,0.22
2016-05-03,0.21
2016-05-04,0.19
2016-05-05,0.2
2016-05-06,0.19
2016-05-07,0.19
2016-05-08,0.19
2016-05-09,0.24
2016-05-10,0.24
2016-05-11,0.26
2016-05-12,0.27
2016-05-13,0.28
2016-05-14,0.28
2016-05-15,0.28
2016-05-16,0.28
2016-05-17,0.28
2016-05-18,0.3
2016-05-19,0.3
2016-05-20,0.32
2016-05-21,0.32
2016-05-22,0.32
2016-05-23,0.36
2016-05-24,0.36
2016-05-25,0.33
2016-05-26,0.3
2016-05-27,0.31
2016-05-28,0.31
2016-05-29,0.31
2016-05-30,0.31
2016-05-31,0.35
2016-06-01,0.3
2016-06-02,0.28
2016-06-03,0.29
2016-06-04,0.29
2016-06-05,0.29
2016-06-06,0.28
2016-06-07,0.28
2016-06-08,0.24
2016-06-09,0.25
2016-06-10,0.25
2016-06-11,0.25
2016-06-12,0.25
2016-06-13,0.27
2016-06-14,0.27
2016-06-15,0.26
2016-06-16,0.27
2016-06-17,0.26
2016-06-18,0.26
2016-06-19,0.26
2016-06-20,0.28
2016-06-21,0.27
2016-06-22,0.27
2016-06-23,0.3
2016-06-24,0.26
2016-06-25,0.26
2016-06-26,0.26
2016-06-27,0.27
2016-06-28,0.26
2016-06-29,0.26
2016-06-30,0.26
2016-07-01,0.27
2016-07-02,0.27
2016-07-03,0.27
2016-07-04,0.27
2016-07-05,0.28
2016-07-06,0.27
2016-07-07,0.29
2016-07-08,0.27
2016-07-09,0.27
2016-07-10,0.27
2016-07-11,0.31
2016-07-12,0.29
2016-07-13,0.31
2016-07-14,0.31
2016-07-15,0.31
2016-07-16,0.31
2016-07-17,0.31
2016-07-18,0.32
2016-07-19,0.31
2016-07-20,0.32
2016-07-21,0.31
2016-07-22,0.32
2016-07-23,0.32
2016-07-24,0.32
2016-07-25,0.32
2016-07-26,0.31
2016-07-27,0.31
2016-07-28,0.25
2016-07-29,0.27
2016-07-30,0.27
2016-07-31,0.27
2016-08-01,0.29
2016-08-02,0.29
2016-08-03,0.28
2016-08-04,0.26
2016-08-05,0.27
2016-08-06,0.27
2016-08-07,0.27
2016-08-08,0.31
2016-08-09,0.29
2016-08-10,0.28
2016-08-11,0.28
2016-08-12,0.28
2016-08-13,0.28
2016-08-14,0.28
2016-08-15,0.31
2016-08-16,0.27
2016-08-17,0.3
2016-08-18,0.29
2016-08-19,0.29
2016-08-20,0.29
2016-08-21,0.29
2016-08-22,0.29
2016-08-23,0.3
2016-08-24,0.31
2016-08-25,0.33
2016-08-26,0.33
2016-08-27,0.33
2016-08-28,0.33
2016-08-29,0.33
2016-08-30,0.33
2016-08-31,0.33
2016-09-01,0.33
2016-09-02,0.32
2016-09-03,0.32
2016-09-04,0.32
2016-09-05,0.32
2016-09-06,0.32
2016-09-07,0.35
2016-09-08,0.35
2016-09-09,0.35
2016-09-10,0.35
2016-09-11,0.35
2016-09-12,0.38
2016-09-13,0.37
2016-09-14,0.33
2016-09-15,0.29
2016-09-16,0.29
2016-09-17,0.29
2016-09-18,0.29
2016-09-19,0.3
2016-09-20,0.3
2016-09-21,0.22
2016-09-22,0.18
2016-09-23,0.18
2016-09-24,0.18
2016-09-25,0.18
2016-09-26,0.25
2016-09-27,0.26
2016-09-28,0.27
2016-09-29,0.26
2016-09-30,0.28
2016-10-01,0.28
2016-10-02,0.28
2016-10-03,0.32
2016-10-04,0.33
2016-10-05,0.32
2016-10-06,0.32
2016-10-07,0.32
2016-10-08,0.32
2016-10-09,0.32
2016-10-10,0.32
2016-10-11,0.36
2016-10-12,0.37
2016-10-13,0.29
2016-10-14,0.31
2016-10-15,0.31
2016-10-16,0.31
2016-10-17,0.35
2016-10-18,0.35
2016-10-19,0.35
2016-10-20,0.35
2016-10-21,0.33
2016-10-22,0.33
2016-10-23,0.33
2016-10-24,0.33
2016-10-25,0.35
2016-10-26,0.33
2016-10-27,0.29
2016-10-28,0.29
2016-10-29,0.29
2016-10-30,0.29
2016-10-31,0.35
2016-11-01,0.36
2016-11-02,0.37
2016-11-03,0.38
2016-11-04,0.38
2016-11-05,0.38
2016-11-06,0.38
2016-11-07,0.42
2016-11-08,0.44
2016-11-09,0.45
2016-11-10,0.48
2016-11-11,0.48
2016-11-12,0.48
2016-11-13,0.48
2016-11-14,0.55
2016-11-15,0.51
2016-11-16,0.47
2016-11-17,0.44
2016-11-18,0.44
2016-11-19,0.44
2016-11-20,0.44
2016-11-21,0.47
2016-11-22,0.49
2016-11-23,0.51
2016-11-24,0.51
2016-11-25,0.49
2016-11-26,0.49
2016-11-27,0.49
2016-11-28,0.49
2016-11-29,0.49
2016-11-30,0.49
2016-12-01,0.48
2016-12-02,0.49
2016-12-03,0.49
2016-12-04,0.49
2016-12-05,0.5
2016-12-06,0.5
2016-12-07,0.52
2016-12-08,0.51
2016-12-09,0.54
2016-12-10,0.54
2016-12-11,0.54
2016-12-12,0.52
2016-12-13,0.55
2016-12-14,0.55
2016-12-15,0.51
2016-12-16,0.51
2016-12-17,0.51
2016-12-18,0.51
2016-12-19,0.53
2016-12-20,0.53
2016-12-21,0.52
2016-12-22,0.51
2016-12-23,0.52
2016-12-24,0.52
2016-12-25,0.52
2016-12-26,0.52
2016-12-27,0.52
2016-12-28,0.53
2016-12-29,0.47
2016-12-30,0.51
2016-12-31,0.51
2017-01-01,0.51
2017-01-02,0.51
2017-01-03,0.54
2017-01-04,0.53
2017-01-05,0.52
2017-01-06,0.53
2017-01-07,0.53
2017-01-08,0.53
2017-01-09,0.51
2017-01-10,0.52
2017-01-11,0.52
2017-01-12,0.52
2017-01-13,0.53
2017-01-14,0.53
2017-01-15,0.53
2017-01-16,0.53
2017-01-17,0.55
2017-01-18,0.53
2017-01-19,0.52
2017-01-20,0.5
2017-01-21,0.5
2017-01-22,0.5
2017-01-23,0.52
2017-01-24,0.51
2017-01-25,0.5
2017-01-26,0.51
2017-01-27,0.52
2017-01-28,0.52
2017-01-29,0.52
2017-01-30,0.52
2017-01-31,0.53
2017-02-01,0.51
2017-02-02,0.52
2017-02-03,0.51
2017-02-04,0.51
2017-02-05,0.51
2017-02-06,0.54
2017-02-07,0.54
2017-02-08,0.54
2017-02-09,0.54
2017-02-10,0.55
2017-02-11,0.55
2017-02-12,0.55
2017-02-13,0.53
2017-02-14,0.55
2017-02-15,0.54
2017-02-16,0.53
2017-02-17,0.53
2017-02-18,0.53
2017-02-19,0.53
2017-02-20,0.53
2017-02-21,0.54
2017-02-22,0.53
2017-02-23,0.52
2017-02-24,0.52
2017-02-25,0.52
2017-02-26,0.52
2017-02-27,0.51
2017-02-28,0.54
2017-03-01,0.63
2017-03-02,0.67
2017-03-03,0.71
2017-03-04,0.71
2017-03-05,0.71
2017-03-06,0.74
2017-03-07,0.76
2017-03-08,0.73
2017-03-09,0.73
2017-03-10,0.74
2017-03-11,0.74
2017-03-12,0.74
2017-03-13,0.79
2017-03-14,0.78
2017-03-15,0.73
2017-03-16,0.73
2017-03-17,0.73
2017-03-18,0.73
2017-03-19,0.73
2017-03-20,0.76
2017-03-21,0.77
2017-03-22,0.77
2017-03-23,0.76
2017-03-24,0.78
2017-03-25,0.78
2017-03-26,0.78
2017-03-27,0.78
2017-03-28,0.78
2017-03-29,0.78
2017-03-30,0.78
2017-03-31,0.76
2017-04-01,0.76
2017-04-02,0.76
2017-04-03,0.79
2017-04-04,0.79
2017-04-05,0.8
2017-04-06,0.79
2017-04-07,0.82
2017-04-08,0.82
2017-04-09,0.82
2017-04-10,0.82
2017-04-11,0.82
2017-04-12,0.81
2017-04-13,0.81
2017-04-14,0.81
2017-04-15,0.81
2017-04-16,0.81
2017-04-17,0.83
2017-04-18,0.82
2017-04-19,0.81
2017-04-20,0.79
2017-04-21,0.79
2017-04-22,0.79
2017-04-23,0.79
2017-04-24,0.81
2017-04-25,0.82
2017-04-26,0.83
2017-04-27,0.81
2017-04-28,0.8
2017-04-29,0.8
2017-04-30,0.8
2017-05-01,0.83
2017-05-02,0.82
2017-05-03,0.85
2017-05-04,0.85
2017-05-05,0.89
2017-05-06,0.89
2017-05-07,0.89
2017-05-08,0.91
2017-05-09,0.91
2017-05-10,0.9
2017-05-11,0.88
2017-05-12,0.87
2017-05-13,0.87
2017-05-14,0.87
2017-05-15,0.9
2017-05-16,0.9
2017-05-17,0.9
2017-05-18,0.92
2017-05-19,0.91
2017-05-20,0.91
2017-05-21,0.91
2017-05-22,0.93
2017-05-23,0.92
2017-05-24,0.93
2017-05-25,0.93
2017-05-26,0.93
2017-05-27,0.93
2017-05-28,0.93
2017-05-29,0.93
2017-05-30,0.93
2017-05-31,0.98
2017-06-01,0.98
2017-06-02,0.98
2017-06-03,0.98
2017-06-04,0.98
2017-06-05,0.97
2017-06-06,0.98
2017-06-07,1
2017-06-08,1.01
2017-06-09,1.01
2017-06-10,1.01
2017-06-11,1.01
2017-06-12,0.99
2017-06-13,1.01
2017-06-14,1.01
2017-06-15,1.02
2017-06-16,1.03
2017-06-17,1.03
2017-06-18,1.03
2017-06-19,1.03
2017-06-20,1.02
2017-06-21,0.99
2017-06-22,0.96
2017-06-23,0.97
2017-06-24,0.97
2017-06-25,0.97
2017-06-26,1
2017-06-27,1.01
2017-06-28,1.02
2017-06-29,1.04
2017-06-30,1.03
2017-07-01,1.03
2017-07-02,1.03
2017-07-03,1.06
2017-07-04,1.06
2017-07-05,1.05
2017-07-06,1.04
2017-07-07,1.05
2017-07-08,1.05
2017-07-09,1.05
2017-07-10,1.05
2017-07-11,1.05
2017-07-12,1.05
2017-07-13,1.05
2017-07-14,1.04
2017-07-15,1.04
2017-07-16,1.04
2017-07-17,1.07
2017-07-18,1.07
2017-07-19,1.11
2017-07-20,1.15
2017-07-21,1.16
2017-07-22,1.16
2017-07-23,1.16
2017-07-24,1.17
2017-07-25,1.18
2017-07-26,1.13
2017-07-27,1.11
2017-07-28,1.08
2017-07-29,1.08
2017-07-30,1.08
2017-07-31,1.07
2017-08-01,1.08
2017-08-02,1.08
2017-08-03,1.08
2017-08-04,1.08
2017-08-05,1.08
2017-08-06,1.08
2017-08-07,1.03
2017-08-08,1.06
2017-08-09,1.06
2017-08-10,1.05
2017-08-11,1.03
2017-08-12,1.03
2017-08-13,1.03
2017-08-14,1.03
2017-08-15,1.04
2017-08-16,1.02
2017-08-17,1
2017-08-18,1.02
2017-08-19,1.02
2017-08-20,1.02
2017-08-21,1.01
2017-08-22,1.01
2017-08-23,1
2017-08-24,1.02
2017-08-25,1.03
2017-08-26,1.03
2017-08-27,1.03
2017-08-28,0.99
2017-08-29,1.03
2017-08-30,1.03
2017-08-31,1.01
2017-09-01,1.02
2017-09-02,1.02
2017-09-03,1.02
2017-09-04,1.02
2017-09-05,1.03
2017-09-06,1.07
2017-09-07,1.05
2017-09-08,1.04
2017-09-09,1.04
2017-09-10,1.04
2017-09-11,1.06
2017-09-12,1.04
2017-09-13,1.04
2017-09-14,1.05
2017-09-15,1.05
2017-09-16,1.05
2017-09-17,1.05
2017-09-18,1.06
2017-09-19,1.05
2017-09-20,1.04
2017-09-21,1.04
2017-09-22,1.03
2017-09-23,1.03
2017-09-24,1.03
2017-09-25,1.06
2017-09-26,1.07
2017-09-27,1.07
2017-09-28,1.06
2017-09-29,1.06
2017-09-30,1.06
2017-10-01,1.06
2017-10-02,1.02
2017-10-03,1.07
2017-10-04,1.08
2017-10-05,1.07
2017-10-06,1.07
2017-10-07,1.07
2017-10-08,1.07
2017-10-09,1.07
2017-10-10,1.08
2017-10-11,1.1
2017-10-12,1.09
2017-10-13,1.09
2017-10-14,1.09
2017-10-15,1.09
2017-10-16,1.11
2017-10-17,1.09
2017-10-18,1.09
2017-10-19,1.1
2017-10-20,1.11
2017-10-21,1.11
2017-10-22,1.11
2017-10-23,1.1
2017-10-24,1.12
2017-10-25,1.12
2017-10-26,1.11
2017-10-27,1.1
2017-10-28,1.1
2017-10-29,1.1
2017-10-30,1.12
2017-10-31,1.15
2017-11-01,1.18
2017-11-02,1.17
2017-11-03,1.18
2017-11-04,1.18
2017-11-05,1.18
2017-11-06,1.19
2017-11-07,1.22
2017-11-08,1.23
2017-11-09,1.24
2017-11-10,1.23
2017-11-11,1.23
2017-11-12,1.23
2017-11-13,1.24
2017-11-14,1.26
2017-11-15,1.25
2017-11-16,1.27
2017-11-17,1.28
2017-11-18,1.28
2017-11-19,1.28
2017-11-20,1.3
2017-11-21,1.3
2017-11-22,1.29
2017-11-23,1.29
2017-11-24,1.28
2017-11-25,1.28
2017-11-26,1.28
2017-11-27,1.27
2017-11-28,1.3
2017-11-29,1.29
2017-11-30,1.27
2017-12-01,1.27
2017-12-02,1.27
2017-12-03,1.27
2017-12-04,1.3
2017-12-05,1.3
2017-12-06,1.3
2017-12-07,1.29
2017-12-08,1.28
2017-12-09,1.28
2017-12-10,1.28
2017-12-11,1.33
2017-12-12,1.34
2017-12-13,1.3
2017-12-14,1.32
2017-12-15,1.31
2017-12-16,1.31
2017-12-17,1.31
2017-12-18,1.38
2017-12-19,1.37
2017-12-20,1.38
2017-12-21,1.35
2017-12-22,1.33
2017-12-23,1.33
2017-12-24,1.33
2017-12-25,1.33
2017-12-26,1.48
2017-12-27,1.44
2017-12-28,1.39
2017-12-29,1.39
2017-12-30,1.39
2017-12-31,1.39
2018-01-01,1.39
2018-01-02,1.44
2018-01-03,1.41
2018-01-04,1.41
2018-01-05,1.39
2018-01-06,1.39
2018-01-07,1.39
2018-01-08,1.46
2018-01-09,1.44
2018-01-10,1.42
2018-01-11,1.43
2018-01-12,1.43
2018-01-13,1.43
2018-01-14,1.43
2018-01-15,1.43
2018-01-16,1.46
2018-01-17,1.44
2018-01-18,1.46
2018-01-19,1.44
2018-01-20,1.44
2018-01-21,1.44
2018-01-22,1.46
2018-01-23,1.44
2018-01-24,1.43
2018-01-25,1.42
2018-01-26,1.41
2018-01-27,1.41
2018-01-28,1.41
2018-01-29,1.46
2018-01-30,1.44
2018-01-31,1.47
2018-02-01,1.49
2018-02-02,1.49
2018-02-03,1.49
2018-02-04,1.49
2018-02-05,1.52
2018-02-06,1.53
2018-02-07,1.56
2018-02-08,1.56
2018-02-09,1.56
2018-02-10,1.56
2018-02-11,1.56
2018-02-12,1.64
2018-02-13,1.6
2018-02-14,1.59
2018-02-15,1.59
2018-02-16,1.62
2018-02-17,1.62
2018-02-18,1.62
2018-02-19,1.62
2018-02-20,1.67
2018-02-21,1.65
2018-02-22,1.64
2018-02-23,1.64
2018-02-24,1.64
2018-02-25,1.64
2018-02-26,1.68
2018-02-27,1.67
2018-02-28,1.66
2018-03-01,1.63
2018-03-02,1.65
2018-03-03,1.65
2018-03-04,1.65
2018-03-05,1.7
2018-03-06,1.68
2018-03-07,1.68
2018-03-08,1.67
2018-03-09,1.67
2018-03-10,1.67
2018-03-11,1.67
2018-03-12,1.71
2018-03-13,1.73
2018-03-14,1.76
2018-03-15,1.77
2018-03-16,1.78
2018-03-17,1.78
2018-03-18,1.78
2018-03-19,1.8
2018-03-20,1.81
2018-03-21,1.74
2018-03-22,1.72
2018-03-23,1.74
2018-03-24,1.74
2018-03-25,1.74
2018-03-26,1.79
2018-03-27,1.77
2018-03-28,1.73
2018-03-29,1.73
2018-03-30,1.73
2018-03-31,1.73
2018-04-01,1.73
2018-04-02,1.77
2018-04-03,1.75
2018-04-04,1.71
2018-04-05,1.72
2018-04-06,1.73
2018-04-07,1.73
2018-04-08,1.73
2018-04-09,1.76
2018-04-10,1.74
2018-04-11,1.73
2018-04-12,1.75
2018-04-13,1.76
2018-04-14,1.76
2018-04-15,1.76
2018-04-16,1.79
2018-04-17,1.8
2018-04-18,1.81
2018-04-19,1.82
2018-04-20,1.81
2018-04-21,1.81
2018-04-22,1.81
2018-04-23,1.87
2018-04-24,1.87
2018-04-25,1.85
2018-04-26,1.82
2018-04-27,1.81
2018-04-28,1.81
2018-04-29,1.81
2018-04-30,1.87
2018-05-01,1.85
2018-05-02,1.84
2018-05-03,1.83
2018-05-04,1.83
2018-05-05,1.83
2018-05-06,1.83
2018-05-07,1.86
2018-05-08,1.87
2018-05-09,1.88
2018-05-10,1.89
2018-05-11,1.91
2018-05-12,1.91
2018-05-13,1.91
2018-05-14,1.94
2018-05-15,1.93
2018-05-16,1.92
2018-05-17,1.92
2018-05-18,1.9
2018-05-19,1.9
2018-05-20,1.9
2018-05-21,1.94
2018-05-22,1.94
2018-05-23,1.92
2018-05-24,1.9
2018-05-25,1.89
2018-05-26,1.89
2018-05-27,1.89
2018-05-28,1.89
2018-05-29,1.94
2018-05-30,1.94
2018-05-31,1.93
2018-06-01,1.91
2018-06-02,1.91
2018-06-03,1.91
2018-06-04,1.95
2018-06-05,1.95
2018-06-06,1.95
2018-06-07,1.94
2018-06-08,1.93
2018-06-09,1.93
2018-06-10,1.93
2018-06-11,1.95
2018-06-12,1.93
2018-06-13,1.94
2018-06-14,1.94
2018-06-15,1.94
2018-06-16,1.94
2018-06-17,1.94
2018-06-18,1.95
2018-06-19,1.95
2018-06-20,1.94
2018-06-21,1.94
2018-06-22,1.93
2018-06-23,1.93
2018-06-24,1.93
2018-06-25,1.94
2018-06-26,1.94
2018-06-27,1.93
2018-06-28,1.93
2018-06-29,1.93
2018-06-30,1.93
2018-07-01,1.93
2018-07-02,1.99
2018-07-03,1.98
2018-07-04,1.98
2018-07-05,1.96
2018-07-06,1.97
2018-07-07,1.97
2018-07-08,1.97
2018-07-09,1.99
2018-07-10,1.99
2018-07-11,1.97
2018-07-12,1.98
2018-07-13,1.98
2018-07-14,1.98
2018-07-15,1.98
2018-07-16,2.02
2018-07-17,2.02
2018-07-18,2
2018-07-19,2
2018-07-20,1.99
2018-07-21,1.99
2018-07-22,1.99
2018-07-23,2
2018-07-24,2.02
2018-07-25,2.01
2018-07-26,1.99
2018-07-27,2
2018-07-28,2
2018-07-29,2
2018-07-30,2.05
2018-07-31,2.03
2018-08-01,2.03
2018-08-02,2.02
2018-08-03,2.01
2018-08-04,2.01
2018-08-05,2.01
2018-08-06,2.06
2018-08-07,2.06
2018-08-08,2.06
2018-08-09,2.06
2018-08-10,2.05
2018-08-11,2.05
2018-08-12,2.05
2018-08-13,2.07
2018-08-14,2.08
2018-08-15,2.07
2018-08-16,2.07
2018-08-17,2.05
2018-08-18,2.05
2018-08-19,2.05
2018-08-20,2.07
2018-08-21,2.08
2018-08-22,2.09
2018-08-23,2.08
2018-08-24,2.09
2018-08-25,2.09
2018-08-26,2.09
2018-08-27,2.12
2018-08-28,2.13
2018-08-29,2.13
2018-08-30,2.11
2018-08-31,2.11
2018-09-01,2.11
2018-09-02,2.11
2018-09-03,2.11
2018-09-04,2.13
2018-09-05,2.14
2018-09-06,2.13
2018-09-07,2.14
2018-09-08,2.14
2018-09-09,2.14
2018-09-10,2.15
2018-09-11,2.15
2018-09-12,2.16
2018-09-13,2.15
2018-09-14,2.16
2018-09-15,2.16
2018-09-16,2.16
2018-09-17,2.17
2018-09-18,2.17
2018-09-19,2.16
2018-09-20,2.17
2018-09-21,2.18
2018-09-22,2.18
2018-09-23,2.18
2018-09-24,2.22
2018-09-25,2.21
2018-09-26,2.2
2018-09-27,2.18
2018-09-28,2.19
2018-09-29,2.19
2018-09-30,2.19
2018-10-01,2.23
2018-10-02,2.23
2018-10-03,2.23
2018-10-04,2.22
2018-10-05,2.22
2018-10-06,2.22
2018-10-07,2.22
2018-10-08,2.22
2018-10-09,2.25
2018-10-10,2.27
2018-10-11,2.26
2018-10-12,2.27
2018-10-13,2.27
2018-10-14,2.27
2018-10-15,2.31
2018-10-16,2.3
2018-10-17,2.31
2018-10-18,2.31
2018-10-19,2.3
2018-10-20,2.3
2018-10-21,2.3
2018-10-22,2.35
2018-10-23,2.34
2018-10-24,2.34
2018-10-25,2.34
2018-10-26,2.32
2018-10-27,2.32
2018-10-28,2.32
2018-10-29,2.35
2018-10-30,2.34
2018-10-31,2.34
2018-11-01,2.31
2018-11-02,2.32
2018-11-03,2.32
2018-11-04,2.32
2018-11-05,2.37
2018-11-06,2.36
2018-11-07,2.37
2018-11-08,2.35
2018-11-09,2.36
2018-11-10,2.36
2018-11-11,2.36
2018-11-12,2.36
2018-11-13,2.39
2018-11-14,2.38
2018-11-15,2.37
2018-11-16,2.36
2018-11-17,2.36
2018-11-18,2.36
2018-11-19,2.39
2018-11-20,2.39
2018-11-21,2.41
2018-11-22,2.41
2018-11-23,2.41
2018-11-24,2.41
2018-11-25,2.41
2018-11-26,2.42
2018-11-27,2.41
2018-11-28,2.4
2018-11-29,2.37
2018-11-30,2.37
2018-12-01,2.37
2018-12-02,2.37
2018-12-03,2.39
2018-12-04,2.43
2018-12-05,2.43
2018-12-06,2.41
2018-12-07,2.4
2018-12-08,2.4
2018-12-09,2.4
2018-12-10,2.42
2018-12-11,2.42
2018-12-12,2.44
2018-12-13,2.43
2018-12-14,2.42
2018-12-15,2.42
2018-12-16,2.42
2018-12-17,2.41
2018-12-18,2.39
2018-12-19,2.4
2018-12-20,2.39
2018-12-21,2.39
2018-12-22,2.39
2018-12-23,2.39
2018-12-24,2.46
2018-12-25,2.46
2018-12-26,2.44
2018-12-27,2.41
2018-12-28,2.4
2018-12-29,2.4
2018-12-30,2.4
2018-12-31,2.45
2019-01-01,2.45
2019-01-02,2.42
2019-01-03,2.41
2019-01-04,2.42
2019-01-05,2.42
2019-01-06,2.42
2019-01-07,2.46
2019-01-08,2.46
2019-01-09,2.45
2019-01-10,2.43
2019-01-11,2.43
2019-01-12,2.43
2019-01-13,2.43
2019-01-14,2.45
2019-01-15,2.45
2019-01-16,2.43
2019-01-17,2.42
2019-01-18,2.41
2019-01-19,2.41
2019-01-20,2.41
2019-01-21,2.41
2019-01-22,2.43
2019-01-23,2.41
2019-01-24,2.37
2019-01-25,2.39
2019-01-26,2.39
2019-01-27,2.39
2019-01-28,2.42
2019-01-29,2.42
2019-01-30,2.42
2019-01-31,2.41
2019-02-01,2.4
2019-02-02,2.4
2019-02-03,2.4
2019-02-04,2.42
2019-02-05,2.42
2019-02-06,2.42
2019-02-07,2.42
2019-02-08,2.43
2019-02-09,2.43
2019-02-10,2.43
2019-02-11,2.45
2019-02-12,2.43
2019-02-13,2.44
2019-02-14,2.43
2019-02-15,2.43
2019-02-16,2.43
2019-02-17,2.43
2019-02-18,2.43
2019-02-19,2.46
2019-02-20,2.45
2019-02-21,2.45
2019-02-22,2.46
2019-02-23,2.46
2019-02-24,2.46
2019-02-25,2.47
2019-02-26,2.45
2019-02-27,2.45
2019-02-28,2.45
2019-03-01,2.44
2019-03-02,2.44
2019-03-03,2.44
2019-03-04,2.47
2019-03-05,2.47
2019-03-06,2.47
2019-03-07,2.45
2019-03-08,2.46
2019-03-09,2.46
2019-03-10,2.46
2019-03-11,2.47
2019-03-12,2.47
2019-03-13,2.45
2019-03-14,2.45
2019-03-15,2.45
2019-03-16,2.45
2019-03-17,2.45
2019-03-18,2.44
2019-03-19,2.47
2019-03-20,2.48
2019-03-21,2.49
2019-03-22,2.46
2019-03-23,2.46
2019-03-24,2.46
2019-03-25,2.47
2019-03-26,2.47
2019-03-27,2.44
2019-03-28,2.43
2019-03-29,2.4
2019-03-30,2.4
2019-03-31,2.4
2019-04-01,2.43
2019-04-02,2.42
2019-04-03,2.44
2019-04-04,2.44
2019-04-05,2.44
2019-04-06,2.44
2019-04-07,2.44
2019-04-08,2.43
2019-04-09,2.42
2019-04-10,2.43
2019-04-11,2.43
2019-04-12,2.44
2019-04-13,2.44
2019-04-14,2.44
2019-04-15,2.43
2019-04-16,2.43
2019-04-17,2.44
2019-04-18,2.42
2019-04-19,2.42
2019-04-20,2.42
2019-04-21,2.42
2019-04-22,2.44
2019-04-23,2.45
2019-04-24,2.44
2019-04-25,2.43
2019-04-26,2.42
2019-04-27,2.42
2019-04-28,2.42
2019-04-29,2.44
2019-04-30,2.43
2019-05-01,2.43
2019-05-02,2.47
2019-05-03,2.43
2019-05-04,2.43
2019-05-05,2.43
2019-05-06,2.44
2019-05-07,2.43
2019-05-08,2.43
2019-05-09,2.43
2019-05-10,2.43
2019-05-11,2.43
2019-05-12,2.43
2019-05-13,2.41
2019-05-14,2.41
2019-05-15,2.42
2019-05-16,2.4
2019-05-17,2.39
2019-05-18,2.39
2019-05-19,2.39
2019-05-20,2.39
2019-05-21,2.39
2019-05-22,2.38
2019-05-23,2.37
2019-05-24,2.35
2019-05-25,2.35
2019-05-26,2.35
2019-05-27,2.35
2019-05-28,2.37
2019-05-29,2.37
2019-05-30,2.38
2019-05-31,2.35
2019-06-01,2.35
2019-06-02,2.35
2019-06-03,2.35
2019-06-04,2.35
2019-06-05,2.35
2019-06-06,2.33
2019-06-07,2.28
2019-06-08,2.28
2019-06-09,2.28
2019-06-10,2.29
2019-06-11,2.27
2019-06-12,2.24
2019-06-13,2.19
2019-06-14,2.2
2019-06-15,2.2
2019-06-16,2.2
2019-06-17,2.23
2019-06-18,2.22
2019-06-19,2.18
2019-06-20,2.14
2019-06-21,2.12
2019-06-22,2.12
2019-06-23,2.12
2019-06-24,2.13
2019-06-25,2.12
2019-06-26,2.15
2019-06-27,2.14
2019-06-28,2.13
2019-06-29,2.13
2019-06-30,2.13
2019-07-01,2.21
2019-07-02,2.2
2019-07-03,2.21
2019-07-04,2.21
2019-07-05,2.23
2019-07-06,2.23
2019-07-07,2.23
2019-07-08,2.26
2019-07-09,2.26
2019-07-10,2.2
2019-07-11,2.17
2019-07-12,2.15
2019-07-13,2.15
2019-07-14,2.15
2019-07-15,2.16
2019-07-16,2.15
2019-07-17,2.14
2019-07-18,2.05
2019-07-19,2.06
2019-07-20,2.06
2019-07-21,2.06
2019-07-22,2.08
2019-07-23,2.06
2019-07-24,2.1
2019-07-25,2.11
2019-07-26,2.13
2019-07-27,2.13
2019-07-28,2.13
2019-07-29,2.12
2019-07-30,2.08
2019-07-31,2.08
2019-08-01,2.07
2019-08-02,2.06
2019-08-03,2.06
2019-08-04,2.06
2019-08-05,2.04
2019-08-06,2.05
2019-08-07,2.02
2019-08-08,2.02
2019-08-09,2
2019-08-10,2
2019-08-11,2
2019-08-12,2
2019-08-13,2
2019-08-14,1.96
2019-08-15,1.91
2019-08-16,1.87
2019-08-17,1.87
2019-08-18,1.87
2019-08-19,1.94
2019-08-20,1.94
2019-08-21,1.97
2019-08-22,2
2019-08-23,1.97
2019-08-24,1.97
2019-08-25,1.97
2019-08-26,2
2019-08-27,1.98
2019-08-28,1.99
2019-08-29,1.99
2019-08-30,1.99
2019-08-31,1.99
2019-09-01,1.99
2019-09-02,1.99
2019-09-03,1.98
2019-09-04,1.97
2019-09-05,1.97
2019-09-06,1.96
2019-09-07,1.96
2019-09-08,1.96
2019-09-09,1.96
2019-09-10,1.95
2019-09-11,1.96
2019-09-12,1.95
2019-09-13,1.96
2019-09-14,1.96
2019-09-15,1.96
2019-09-16,1.99
2019-09-17,1.99
2019-09-18,1.95
2019-09-19,1.93
2019-09-20,1.91
2019-09-21,1.91
2019-09-22,1.91
2019-09-23,1.94
2019-09-24,1.92
2019-09-25,1.89
2019-09-26,1.83
2019-09-27,1.8
2019-09-28,1.8
2019-09-29,1.8
2019-09-30,1.88
2019-10-01,1.82
2019-10-02,1.79
2019-10-03,1.7
2019-10-04,1.71
2019-10-05,1.71
2019-10-06,1.71
2019-10-07,1.75
2019-10-08,1.72
2019-10-09,1.69
2019-10-10,1.68
2019-10-11,1.68
2019-10-12,1.68
2019-10-13,1.68
2019-10-14,1.68
2019-10-15,1.67
2019-10-16,1.66
2019-10-17,1.66
2019-10-18,1.66
2019-10-19,1.66
2019-10-20,1.66
2019-10-21,1.67
2019-10-22,1.65
2019-10-23,1.65
2019-10-24,1.67
2019-10-25,1.66
2019-10-26,1.66
2019-10-27,1.66
2019-10-28,1.65
2019-10-29,1.63
2019-10-30,1.62
2019-10-31,1.54
2019-11-01,1.52
2019-11-02,1.52
2019-11-03,1.52
2019-11-04,1.53
2019-11-05,1.56
2019-11-06,1.56
2019-11-07,1.56
2019-11-08,1.55
2019-11-09,1.55
2019-11-10,1.55
2019-11-11,1.55
2019-11-12,1.59
2019-11-13,1.57
2019-11-14,1.57
2019-11-15,1.57
2019-11-16,1.57
2019-11-17,1.57
2019-11-18,1.57
2019-11-19,1.57
2019-11-20,1.57
2019-11-21,1.58
2019-11-22,1.58
2019-11-23,1.58
2019-11-24,1.58
2019-11-25,1.61
2019-11-26,1.6
2019-11-27,1.62
2019-11-28,1.62
2019-11-29,1.59
2019-11-30,1.59
2019-12-01,1.59
2019-12-02,1.6
2019-12-03,1.57
2019-12-04,1.55
2019-12-05,1.54
2019-12-06,1.53
2019-12-07,1.53
2019-12-08,1.53
2019-12-09,1.54
2019-12-10,1.56
2019-12-11,1.57
2019-12-12,1.56
2019-12-13,1.57
2019-12-14,1.57
2019-12-15,1.57
2019-12-16,1.57
2019-12-17,1.56
2019-12-18,1.56
2019-12-19,1.57
2019-12-20,1.58
2019-12-21,1.58
2019-12-22,1.58
2019-12-23,1.59
2019-12-24,1.58
2019-12-25,1.58
2019-12-26,1.58
2019-12-27,1.57
2019-12-28,1.57
2019-12-29,1.57
2019-12-30,1.57
2019-12-31,1.55
2020-01-01,1.55
2020-01-02,1.54
2020-01-03,1.52
2020-01-04,1.52
2020-01-05,1.52
2020-01-06,1.56
2020-01-07,1.54
2020-01-08,1.54
2020-01-09,1.54
2020-01-10,1.54
2020-01-11,1.54
2020-01-12,1.54
2020-01-13,1.57
2020-01-14,1.57
2020-01-15,1.57
2020-01-16,1.55
2020-01-17,1.56
2020-01-18,1.56
2020-01-19,1.56
2020-01-20,1.56
2020-01-21,1.56
2020-01-22,1.55
2020-01-23,1.55
2020-01-24,1.54
2020-01-25,1.54
2020-01-26,1.54
2020-01-27,1.55
2020-01-28,1.57
2020-01-29,1.56
2020-01-30,1.57
2020-01-31,1.55
2020-02-01,1.55
2020-02-02,1.55
2020-02-03,1.57
2020-02-04,1.57
2020-02-05,1.57
2020-02-06,1.57
2020-02-07,1.56
2020-02-08,1.56
2020-02-09,1.56
2020-02-10,1.58
2020-02-11,1.57
2020-02-12,1.58
2020-02-13,1.59
2020-02-14,1.58
2020-02-15,1.58
2020-02-16,1.58
2020-02-17,1.58
2020-02-18,1.58
2020-02-19,1.58
2020-02-20,1.58
2020-02-21,1.56
2020-02-22,1.56
2020-02-23,1.56
2020-02-24,1.53
2020-02-25,1.53
2020-02-26,1.53
2020-02-27,1.45
2020-02-28,1.27
2020-02-29,1.27
2020-03-01,1.27
2020-03-02,1.12
2020-03-03,0.95
2020-03-04,0.72
2020-03-05,0.62
2020-03-06,0.46
2020-03-07,0.46
2020-03-08,0.46
2020-03-09,0.32
2020-03-10,0.44
2020-03-11,0.42
2020-03-12,0.33
2020-03-13,0.27
2020-03-14,0.27
2020-03-15,0.27
2020-03-16,0.24
2020-03-17,0.19
2020-03-18,0.02
2020-03-19,0.04
2020-03-20,0.05
2020-03-21,0.05
2020-03-22,0.05
2020-03-23,0.02
2020-03-24,0.01
2020-03-25,-0.04
2020-03-26,-0.05
2020-03-27,0.03
2020-03-28,0.03
2020-03-29,0.03
2020-03-30,0.12
2020-03-31,0.11
2020-04-01,0.09
2020-04-02,0.09
2020-04-03,0.1
2020-04-04,0.1
2020-04-05,0.1
2020-04-06,0.15
2020-04-07,0.14
2020-04-08,0.22
2020-04-09,0.25
2020-04-10,0.25
2020-04-11,0.25
2020-04-12,0.25
2020-04-13,0.26
2020-04-14,0.2
2020-04-15,0.14
2020-04-16,0.14
2020-04-17,0.12
2020-04-18,0.12
2020-04-19,0.12
2020-04-20,0.12
2020-04-21,0.11
2020-04-22,0.12
2020-04-23,0.11
2020-04-24,0.12
2020-04-25,0.12
2020-04-26,0.12
2020-04-27,0.12
2020-04-28,0.11
2020-04-29,0.1
2020-04-30,0.09
2020-05-01,0.12
2020-05-02,0.12
2020-05-03,0.12
2020-05-04,0.13
2020-05-05,0.13
2020-05-06,0.12
2020-05-07,0.11
2020-05-08,0.12
2020-05-09,0.12
2020-05-10,0.12
2020-05-11,0.12
2020-05-12,0.13
2020-05-13,0.13
2020-05-14,0.12
2020-05-15,0.12
2020-05-16,0.12
2020-05-17,0.12
2020-05-18,0.13
2020-05-19,0.13
2020-05-20,0.12
2020-05-21,0.12
2020-05-22,0.12
2020-05-23,0.12
2020-05-24,0.12
2020-05-25,0.12
2020-05-26,0.14
2020-05-27,0.15
2020-05-28,0.15
2020-05-29,0.14
2020-05-30,0.14
2020-05-31,0.14
2020-06-01,0.14
2020-06-02,0.15
2020-06-03,0.16
2020-06-04,0.15
2020-06-05,0.15
2020-06-06,0.15
2020-06-07,0.15
2020-06-08,0.17
2020-06-09,0.19
2020-06-10,0.17
2020-06-11,0.17
2020-06-12,0.16
2020-06-13,0.16
2020-06-14,0.16
2020-06-15,0.18
2020-06-16,0.17
2020-06-17,0.17
2020-06-18,0.16
2020-06-19,0.15
2020-06-20,0.15
2020-06-21,0.15
2020-06-22,0.16
2020-06-23,0.16
2020-06-24,0.15
2020-06-25,0.16
2020-06-26,0.14
2020-06-27,0.14
2020-06-28,0.14
2020-06-29,0.14
2020-06-30,0.16
2020-07-01,0.14
2020-07-02,0.14
2020-07-03,0.14
2020-07-04,0.14
2020-07-05,0.14
2020-07-06,0.15
2020-07-07,0.15
2020-07-08,0.15
2020-07-09,0.13
2020-07-10,0.13
2020-07-11,0.13
2020-07-12,0.13
2020-07-13,0.14
2020-07-14,0.15
2020-07-15,0.16
2020-07-16,0.11
2020-07-17,0.11
2020-07-18,0.11
2020-07-19,0.11
2020-07-20,0.13
2020-07-21,0.13
2020-07-22,0.13
2020-07-23,0.12
2020-07-24,0.11
2020-07-25,0.11
2020-07-26,0.11
2020-07-27,0.11
2020-07-28,0.11
2020-07-29,0.11
2020-07-30,0.09
2020-07-31,0.09
2020-08-01,0.09
2020-08-02,0.09
2020-08-03,0.1
2020-08-04,0.09
2020-08-05,0.1
2020-08-06,0.1
2020-08-07,0.1
2020-08-08,0.1
2020-08-09,0.1
2020-08-10,0.11
2020-08-11,0.11
2020-08-12,0.11
2020-08-13,0.1
2020-08-14,0.1
2020-08-15,0.1
2020-08-16,0.1
2020-08-17,0.1
2020-08-18,0.09
2020-08-19,0.11
2020-08-20,0.11
2020-08-21,0.1
2020-08-22,0.1
2020-08-23,0.1
2020-08-24,0.12
2020-08-25,0.11
2020-08-26,0.11
2020-08-27,0.11
2020-08-28,0.1
2020-08-29,0.1
2020-08-30,0.1
2020-08-31,0.11
2020-09-01,0.12
2020-09-02,0.12
2020-09-03,0.11
2020-09-04,0.11
2020-09-05,0.11
2020-09-06,0.11
2020-09-07,0.11
2020-09-08,0.13
2020-09-09,0.12
2020-09-10,0.12
2020-09-11,0.11
2020-09-12,0.11
2020-09-13,0.11
2020-09-14,0.11
2020-09-15,0.11
2020-09-16,0.12
2020-09-17,0.09
2020-09-18,0.1
2020-09-19,0.1
2020-09-20,0.1
2020-09-21,0.1
2020-09-22,0.1
2020-09-23,0.11
2020-09-24,0.1
2020-09-25,0.1
2020-09-26,0.1
2020-09-27,0.1
2020-09-28,0.11
2020-09-29,0.09
2020-09-30,0.1
2020-10-01,0.09
2020-10-02,0.09
2020-10-03,0.09
2020-10-04,0.09
2020-10-05,0.1
2020-10-06,0.1
2020-10-07,0.1
2020-10-08,0.09
2020-10-09,0.1
2020-10-10,0.1
2020-10-11,0.1
2020-10-12,0.1
2020-10-13,0.11
2020-10-14,0.12
2020-10-15,0.11
2020-10-16,0.11
2020-10-17,0.11
2020-10-18,0.11
2020-10-19,0.11
2020-10-20,0.1
2020-10-21,0.1
2020-10-22,0.09
2020-10-23,0.1
2020-10-24,0.1
2020-10-25,0.1
2020-10-26,0.11
2020-10-27,0.1
2020-10-28,0.1
2020-10-29,0.09
2020-10-30,0.09
2020-10-31,0.09
2020-11-01,0.09
2020-11-02,0.09
2020-11-03,0.1
2020-11-04,0.1
2020-11-05,0.1
2020-11-06,0.1
2020-11-07,0.1
2020-11-08,0.1
2020-11-09,0.11
2020-11-10,0.1
2020-11-11,0.1
2020-11-12,0.1
2020-11-13,0.09
2020-11-14,0.09
2020-11-15,0.09
2020-11-16,0.09
2020-11-17,0.09
2020-11-18,0.09
2020-11-19,0.07
2020-11-20,0.07
2020-11-21,0.07
2020-11-22,0.07
2020-11-23,0.08
2020-11-24,0.09
2020-11-25,0.09
2020-11-26,0.09
2020-11-27,0.09
2020-11-28,0.09
2020-11-29,0.09
2020-11-30,0.08
2020-12-01,0.09
2020-12-02,0.09
2020-12-03,0.08
2020-12-04,0.09
2020-12-05,0.09
2020-12-06,0.09
2020-12-07,0.08
2020-12-08,0.09
2020-12-09,0.08
2020-12-10,0.08
2020-12-11,0.08
2020-12-12,0.08
2020-12-13,0.08
2020-12-14,0.09
2020-12-15,0.08
2020-12-16,0.09
2020-12-17,0.08
2020-12-18,0.08
2020-12-19,0.08
2020-12-20,0.08
2020-12-21,0.09
2020-12-22,0.09
2020-12-23,0.09
2020-12-24,0.09
2020-12-25,0.09
2020-12-26,0.09
2020-12-27,0.09
2020-12-28,0.11
2020-12-29,0.1
2020-12-30,0.08
2020-12-31,0.09
2021-01-01,0.09
2021-01-02,0.09
2021-01-03,0.09
2021-01-04,0.09
2021-01-05,0.09
2021-01-06,0.09
2021-01-07,0.09
2021-01-08,0.08
2021-01-09,0.08
2021-01-10,0.08
2021-01-11,0.08
2021-01-12,0.09
2021-01-13,0.09
2021-01-14,0.09
2021-01-15,0.09
2021-01-16,0.09
2021-01-17,0.09
2021-01-18,0.09
2021-01-19,0.09
2021-01-20,0.08
2021-01-21,0.09
2021-01-22,0.08
2021-01-23,0.08
2021-01-24,0.08
2021-01-25,0.09
2021-01-26,0.07
2021-01-27,0.08
2021-01-28,0.07
2021-01-29,0.06
2021-01-30,0.06
2021-01-31,0.06
2021-02-01,0.07
2021-02-02,0.07
2021-02-03,0.04
2021-02-04,0.04
2021-02-05,0.03
2021-02-06,0.03
2021-02-07,0.03
2021-02-08,0.05
2021-02-09,0.04
2021-02-10,0.05
2021-02-11,0.05
2021-02-12,0.04
2021-02-13,0.04
2021-02-14,0.04
2021-02-15,0.04
2021-02-16,0.04
2021-02-17,0.04
2021-02-18,0.03
2021-02-19,0.04
2021-02-20,0.04
2021-02-21,0.04
2021-02-22,0.03
2021-02-23,0.04
2021-02-24,0.03
2021-02-25,0.04
2021-02-26,0.04
2021-02-27,0.04
2021-02-28,0.04
2021-03-01,0.05
2021-03-02,0.04
2021-03-03,0.05
2021-03-04,0.04
2021-03-05,0.04
2021-03-06,0.04
2021-03-07,0.04
2021-03-08,0.05
2021-03-09,0.05
2021-03-10,0.04
2021-03-11,0.04
2021-03-12,0.04
2021-03-13,0.04
2021-03-14,0.04
2021-03-15,0.04
2021-03-16,0.02
2021-03-17,0.02
2021-03-18,0.01
2021-03-19,0.01
2021-03-20,0.01
2021-03-21,0.01
2021-03-22,0.03
2021-03-23,0.01
2021-03-24,0.02
2021-03-25,0.02
2021-03-26,0.02
2021-03-27,0.02
2021-03-28,0.02
2021-03-29,0.03
2021-03-30,0.02
2021-03-31,0.03
2021-04-01,0.02
2021-04-02,0.02
2021-04-03,0.02
2021-04-04,0.02
2021-04-05,0.03
2021-04-06,0.02
2021-04-07,0.02
2021-04-08,0.01
2021-04-09,0.02
2021-04-10,0.02
2021-04-11,0.02
2021-04-12,0.02
2021-04-13,0.03
2021-04-14,0.02
2021-04-15,0.02
2021-04-16,0.02
2021-04-17,0.02
2021-04-18,0.02
2021-04-19,0.02
2021-04-20,0.03
2021-04-21,0.03
2021-04-22,0.03
2021-04-23,0.03
2021-04-24,0.03
2021-04-25,0.03
2021-04-26,0.03
2021-04-27,0.01
2021-04-28,0.01
2021-04-29,0.01
2021-04-30,0.01
2021-05-01,0.01
2021-05-02,0.01
2021-05-03,0.04
2021-05-04,0.02
2021-05-05,0.02
2021-05-06,0.02
2021-05-07,0.02
2021-05-08,0.02
2021-05-09,0.02
2021-05-10,0.02
2021-05-11,0.01
2021-05-12,0.02
2021-05-13,0.02
2021-05-14,0.01
2021-05-15,0.01
2021-05-16,0.01
2021-05-17,0.02
2021-05-18,0.02
2021-05-19,0.01
2021-05-20,0.01
2021-05-21,0.01
2021-05-22,0.01
2021-05-23,0.01
2021-05-24,0.02
2021-05-25,0.02
2021-05-26,0.02
2021-05-27,0.02
2021-05-28,0.01
2021-05-29,0.01
2021-05-30,0.01
2021-05-31,0.01
2021-06-01,0.02
2021-06-02,0.02
2021-06-03,0.02
2021-06-04,0.02
2021-06-05,0.02
2021-06-06,0.02
2021-06-07,0.02
2021-06-08,0.02
2021-06-09,0.03
2021-06-10,0.03
2021-06-11,0.03
2021-06-12,0.03
2021-06-13,0.03
2021-06-14,0.03
2021-06-15,0.03
2021-06-16,0.04
2021-06-17,0.04
2021-06-18,0.05
2021-06-19,0.05
2021-06-20,0.05
2021-06-21,0.05
2021-06-22,0.04
2021-06-23,0.05
2021-06-24,0.05
2021-06-25,0.06
2021-06-26,0.06
2021-06-27,0.06
2021-06-28,0.05
2021-06-29,0.04
2021-06-30,0.05
2021-07-01,0.05
2021-07-02,0.05
2021-07-03,0.05
2021-07-04,0.05
2021-07-05,0.05
2021-07-06,0.05
2021-07-07,0.05
2021-07-08,0.06
2021-07-09,0.06
2021-07-10,0.06
2021-07-11,0.06
2021-07-12,0.05
2021-07-13,0.05
2021-07-14,0.06
2021-07-15,0.05
2021-07-16,0.05
2021-07-17,0.05
2021-07-18,0.05
2021-07-19,0.05
2021-07-20,0.05
2021-07-21,0.05
2021-07-22,0.05
2021-07-23,0.05
2021-07-24,0.05
2021-07-25,0.05
2021-07-26,0.05
2021-07-27,0.05
2021-07-28,0.05
2021-07-29,0.06
2021-07-30,0.06
2021-07-31,0.06
2021-08-01,0.06
2021-08-02,0.05
2021-08-03,0.05
2021-08-04,0.05
2021-08-05,0.05
2021-08-06,0.06
2021-08-07,0.06
2021-08-08,0.06
2021-08-09,0.06
2021-08-10,0.05
2021-08-11,0.05
2021-08-12,0.06
2021-08-13,0.06
2021-08-14,0.06
2021-08-15,0.06
2021-08-16,0.06
2021-08-17,0.07
2021-08-18,0.07
2021-08-19,0.06
2021-08-20,0.05
2021-08-21,0.05
2021-08-22,0.05
2021-08-23,0.05
2021-08-24,0.05
2021-08-25,0.06
2021-08-26,0.05
2021-08-27,0.05
2021-08-28,0.05
2021-08-29,0.05
2021-08-30,0.05
2021-08-31,0.04
2021-09-01,0.05
2021-09-02,0.05
2021-09-03,0.05
2021-09-04,0.05
2021-09-05,0.05
2021-09-06,0.05
2021-09-07,0.05
2021-09-08,0.05
2021-09-09,0.04
2021-09-10,0.05
2021-09-11,0.05
2021-09-12,0.05
2021-09-13,0.06
2021-09-14,0.04
2021-09-15,0.04
2021-09-16,0.04
2021-09-17,0.04
2021-09-18,0.04
2021-09-19,0.04
2021-09-20,0.04
2021-09-21,0.03
2021-09-22,0.03
2021-09-23,0.03
2021-09-24,0.03
2021-09-25,0.03
2021-09-26,0.03
2021-09-27,0.04
2021-09-28,0.04
2021-09-29,0.04
2021-09-30,0.04
2021-10-01,0.04
2021-10-02,0.04
2021-10-03,0.04
2021-10-04,0.04
2021-10-05,0.04
2021-10-06,0.04
2021-10-07,0.05
2021-10-08,0.05
2021-10-09,0.05
2021-10-10,0.05
2021-10-11,0.05
2021-10-12,0.06
2021-10-13,0.05
2021-10-14,0.05
2021-10-15,0.05
2021-10-16,0.05
2021-10-17,0.05
2021-10-18,0.06
2021-10-19,0.05
2021-10-20,0.05
2021-10-21,0.06
2021-10-22,0.06
2021-10-23,0.06
2021-10-24,0.06
2021-10-25,0.06
2021-10-26,0.06
2021-10-27,0.06
2021-10-28,0.06
2021-10-29,0.05
2021-10-30,0.05
2021-10-31,0.05
2021-11-01,0.05
2021-11-02,0.05
2021-11-03,0.05
2021-11-04,0.04
2021-11-05,0.05
2021-11-06,0.05
2021-11-07,0.05
2021-11-08,0.06
2021-11-09,0.04
2021-11-10,0.05
2021-11-11,0.05
2021-11-12,0.05
2021-11-13,0.05
2021-11-14,0.05
2021-11-15,0.05
2021-11-16,0.05
2021-11-17,0.05
2021-11-18,0.05
2021-11-19,0.05
2021-11-20,0.05
2021-11-21,0.05
2021-11-22,0.05
2021-11-23,0.06
2021-11-24,0.06
2021-11-25,0.06
2021-11-26,0.06
2021-11-27,0.06
2021-11-28,0.06
2021-11-29,0.06
2021-11-30,0.05
2021-12-01,0.06
2021-12-02,0.05
2021-12-03,0.06
2021-12-04,0.06
2021-12-05,0.06
2021-12-06,0.06
2021-12-07,0.06
2021-12-08,0.07
2021-12-09,0.06
2021-12-10,0.06
2021-12-11,0.06
2021-12-12,0.06
2021-12-13,0.05
2021-12-14,0.05
2021-12-15,0.06
2021-12-16,0.05
2021-12-17,0.05
2021-12-18,0.05
2021-12-19,0.05
2021-12-20,0.07
2021-12-21,0.07
2021-12-22,0.08
2021-12-23,0.08
2021-12-24,0.08
2021-12-25,0.08
2021-12-26,0.08
2021-12-27,0.06
2021-12-28,0.06
2021-12-29,0.05
2021-12-30,0.05
2021-12-31,0.06
2022-01-01,0.06
2022-01-02,0.06
2022-01-03,0.09
2022-01-04,0.08
2022-01-05,0.09
2022-01-06,0.1
2022-01-07,0.1
2022-01-08,0.1
2022-01-09,0.1
2022-01-10,0.13
2022-01-11,0.12
2022-01-12,0.12
2022-01-13,0.12
2022-01-14,0.13
2022-01-15,0.13
2022-01-16,0.13
2022-01-17,0.13
2022-01-18,0.17
2022-01-19,0.17
2022-01-20,0.18
2022-01-21,0.17
2022-01-22,0.17
2022-01-23,0.17
2022-01-24,0.2
2022-01-25,0.2
2022-01-26,0.19
2022-01-27,0.2
2022-01-28,0.19
2022-01-29,0.19
2022-01-30,0.19
2022-01-31,0.24
2022-02-01,0.2
2022-02-02,0.2
2022-02-03,0.21
2022-02-04,0.23
2022-02-05,0.23
2022-02-06,0.23
2022-02-07,0.28
2022-02-08,0.27
2022-02-09,0.27
2022-02-10,0.42
2022-02-11,0.38
2022-02-12,0.38
2022-02-13,0.38
2022-02-14,0.46
2022-02-15,0.42
2022-02-16,0.4
2022-02-17,0.38
2022-02-18,0.36
2022-02-19,0.36
2022-02-20,0.36
2022-02-21,0.36
2022-02-22,0.4
2022-02-23,0.37
2022-02-24,0.33
2022-02-25,0.33
2022-02-26,0.33
2022-02-27,0.33
2022-02-28,0.38
2022-03-01,0.32
2022-03-02,0.33
2022-03-03,0.38
2022-03-04,0.33
2022-03-05,0.33
2022-03-06,0.33
2022-03-07,0.39
2022-03-08,0.37
2022-03-09,0.39
2022-03-10,0.39
2022-03-11,0.4
2022-03-12,0.4
2022-03-13,0.4
2022-03-14,0.46
2022-03-15,0.47
2022-03-16,0.44
2022-03-17,0.41
2022-03-18,0.42
2022-03-19,0.42
2022-03-20,0.42
2022-03-21,0.56
2022-03-22,0.52
2022-03-23,0.51
2022-03-24,0.51
2022-03-25,0.54
2022-03-26,0.54
2022-03-27,0.54
2022-03-28,0.61
2022-03-29,0.57
2022-03-30,0.56
2022-03-31,0.52
2022-04-01,0.53
2022-04-02,0.53
2022-04-03,0.53
2022-04-04,0.68
2022-04-05,0.66
2022-04-06,0.68
2022-04-07,0.69
2022-04-08,0.7
2022-04-09,0.7
2022-04-10,0.7
2022-04-11,0.79
2022-04-12,0.75
2022-04-13,0.76
2022-04-14,0.79
2022-04-15,0.79
2022-04-16,0.79
2022-04-17,0.79
2022-04-18,0.83
2022-04-19,0.83
2022-04-20,0.83
2022-04-21,0.83
2022-04-22,0.83
2022-04-23,0.83
2022-04-24,0.83
2022-04-25,0.95
2022-04-26,0.85
2022-04-27,0.83
2022-04-28,0.82
2022-04-29,0.84
2022-04-30,0.84
2022-05-01,0.84
2022-05-02,0.91
2022-05-03,0.91
2022-05-04,0.89
2022-05-05,0.85
2022-05-06,0.85
2022-05-07,0.85
2022-05-08,0.85
2022-05-09,0.93
2022-05-10,0.9
2022-05-11,0.91
2022-05-12,0.97
2022-05-13,1.03
2022-05-14,1.03
2022-05-15,1.03
2022-05-16,1.09
2022-05-17,1.08
2022-05-18,1.04
2022-05-19,1.06
2022-05-20,1.03
2022-05-21,1.03
2022-05-22,1.03
2022-05-23,1.09
2022-05-24,1.07
2022-05-25,1.07
2022-05-26,1.08
2022-05-27,1.08
2022-05-28,1.08
2022-05-29,1.08
2022-05-30,1.08
2022-05-31,1.15
2022-06-01,1.14
2022-06-02,1.15
2022-06-03,1.19
2022-06-04,1.19
2022-06-05,1.19
2022-06-06,1.25
2022-06-07,1.26
2022-06-08,1.27
2022-06-09,1.28
2022-06-10,1.36
2022-06-11,1.36
2022-06-12,1.36
2022-06-13,1.72
2022-06-14,1.81
2022-06-15,1.72
2022-06-16,1.57
2022-06-17,1.61
2022-06-18,1.61
2022-06-19,1.61
2022-06-20,1.61
2022-06-21,1.69
2022-06-22,1.6
2022-06-23,1.62
2022-06-24,1.69
2022-06-25,1.69
2022-06-26,1.69
2022-06-27,1.78
2022-06-28,1.78
2022-06-29,1.76
2022-06-30,1.69
2022-07-01,1.69
2022-07-02,1.69
2022-07-03,1.69
2022-07-04,1.69
2022-07-05,1.89
2022-07-06,1.88
2022-07-07,1.93
2022-07-08,1.95
2022-07-09,1.95
2022-07-10,1.95
2022-07-11,2.17
2022-07-12,2.2
2022-07-13,2.38
2022-07-14,2.38
2022-07-15,2.33
2022-07-16,2.33
2022-07-17,2.33
2022-07-18,2.49
2022-07-19,2.51
2022-07-20,2.49
2022-07-21,2.45
2022-07-22,2.46
2022-07-23,2.46
2022-07-24,2.46
2022-07-25,2.6
2022-07-26,2.53
2022-07-27,2.42
2022-07-28,2.4
2022-07-29,2.39
2022-07-30,2.39
2022-07-31,2.39
2022-08-01,2.53
2022-08-02,2.53
2022-08-03,2.49
2022-08-04,2.46
2022-08-05,2.53
2022-08-06,2.53
2022-08-07,2.53
2022-08-08,2.62
2022-08-09,2.63
2022-08-10,2.61
2022-08-11,2.57
2022-08-12,2.58
2022-08-13,2.58
2022-08-14,2.58
2022-08-15,2.68
2022-08-16,2.66
2022-08-17,2.64
2022-08-18,2.66
2022-08-19,2.69
2022-08-20,2.69
2022-08-21,2.69
2022-08-22,2.8
2022-08-23,2.77
2022-08-24,2.79
2022-08-25,2.84
2022-08-26,2.84
2022-08-27,2.84
2022-08-28,2.84
2022-08-29,2.95
2022-08-30,2.94
2022-08-31,2.93
2022-09-01,2.94
2022-09-02,2.91
2022-09-03,2.91
2022-09-04,2.91
2022-09-05,2.91
2022-09-06,3.02
2022-09-07,3.04
2022-09-08,3.03
2022-09-09,3.04
2022-09-10,3.04
2022-09-11,3.04
2022-09-12,3.16
2022-09-13,3.26
2022-09-14,3.21
2022-09-15,3.19
2022-09-16,3.17
2022-09-17,3.17
2022-09-18,3.17
2022-09-19,3.36
2022-09-20,3.33
2022-09-21,3.28
2022-09-22,3.26
2022-09-23,3.19
2022-09-24,3.19
2022-09-25,3.19
2022-09-26,3.37
2022-09-27,3.33
2022-09-28,3.36
2022-09-29,3.33
2022-09-30,3.29
2022-10-01,3.29
2022-10-02,3.29
2022-10-03,3.42
2022-10-04,3.39
2022-10-05,3.4
2022-10-06,3.39
2022-10-07,3.38
2022-10-08,3.38
2022-10-09,3.38
2022-10-10,3.38
2022-10-11,3.61
2022-10-12,3.64
2022-10-13,3.72
2022-10-14,3.73
2022-10-15,3.73
2022-10-16,3.73
2022-10-17,3.91
2022-10-18,3.98
2022-10-19,4
2022-10-20,4
2022-10-21,3.99
2022-10-22,3.99
2022-10-23,3.99
2022-10-24,4.1
2022-10-25,4.07
2022-10-26,4.03
2022-10-27,4.04
2022-10-28,4.08
2022-10-29,4.08
2022-10-30,4.08
2022-10-31,4.16
2022-11-01,4.16
2022-11-02,4.14
2022-11-03,4.16
2022-11-04,4.12
2022-11-05,4.12
2022-11-06,4.12
2022-11-07,4.22
2022-11-08,4.2
2022-11-09,4.21
2022-11-10,4.19
2022-11-11,4.19
2022-11-12,4.19
2022-11-13,4.19
2022-11-14,4.26
2022-11-15,4.24
2022-11-16,4.24
2022-11-17,4.23
2022-11-18,4.25
2022-11-19,4.25
2022-11-20,4.25
2022-11-21,4.33
2022-11-22,4.31
2022-11-23,4.31
2022-11-24,4.31
2022-11-25,4.32
2022-11-26,4.32
2022-11-27,4.32
2022-11-28,4.41
2022-11-29,4.38
2022-11-30,4.38
2022-12-01,4.32
2022-12-02,4.32
2022-12-03,4.32
2022-12-04,4.32
2022-12-05,4.38
2022-12-06,4.38
2022-12-07,4.3
2022-12-08,4.27
2022-12-09,4.29
2022-12-10,4.29
2022-12-11,4.29
2022-12-12,4.4
2022-12-13,4.37
2022-12-14,4.34
2022-12-15,4.32
2022-12-16,4.3
2022-12-17,4.3
2022-12-18,4.3
2022-12-19,4.39
2022-12-20,4.36
2022-12-21,4.32
2022-12-22,4.34
2022-12-23,4.33
2022-12-24,4.33
2022-12-25,4.33
2022-12-26,4.33
2022-12-27,4.46
2022-12-28,4.46
2022-12-29,4.45
2022-12-30,4.4
2022-12-31,4.4
2023-01-01,4.4
2023-01-02,4.4
2023-01-03,4.51
2023-01-04,4.52
2023-01-05,4.62
2023-01-06,4.62
2023-01-07,4.62
2023-01-08,4.62
2023-01-09,4.67
2023-01-10,4.69
2023-01-11,4.69
2023-01-12,4.61
2023-01-13,4.62
2023-01-14,4.62
2023-01-15,4.62
2023-01-16,4.62
2023-01-17,4.68
2023-01-18,4.66
2023-01-19,4.67
2023-01-20,4.69
2023-01-21,4.69
2023-01-22,4.69
2023-01-23,4.7
2023-01-24,4.69
2023-01-25,4.68
2023-01-26,4.67
2023-01-27,4.69
2023-01-28,4.69
2023-01-29,4.69
2023-01-30,4.71
2023-01-31,4.7
2023-02-01,4.66
2023-02-02,4.65
2023-02-03,4.69
2023-02-04,4.69
2023-02-05,4.69
2023-02-06,4.71
2023-02-07,4.71
2023-02-08,4.71
2023-02-09,4.76
2023-02-10,4.78
2023-02-11,4.78
2023-02-12,4.78
2023-02-13,4.8
2023-02-14,4.79
2023-02-15,4.78
2023-02-16,4.82
2023-02-17,4.82
2023-02-18,4.82
2023-02-19,4.82
2023-02-20,4.82
2023-02-21,4.84
2023-02-22,4.83
2023-02-23,4.83
2023-02-24,4.84
2023-02-25,4.84
2023-02-26,4.84
2023-02-27,4.88
2023-02-28,4.86
2023-03-01,4.87
2023-03-02,4.88
2023-03-03,4.87
2023-03-04,4.87
2023-03-05,4.87
2023-03-06,4.9
2023-03-07,5.01
2023-03-08,5.03
2023-03-09,5.01
2023-03-10,4.97
2023-03-11,4.97
2023-03-12,4.97
2023-03-13,4.84
2023-03-14,4.85
2023-03-15,4.72
2023-03-16,4.7
2023-03-17,4.48
2023-03-18,4.48
2023-03-19,4.48
2023-03-20,4.78
2023-03-21,4.75
2023-03-22,4.76
2023-03-23,4.7
2023-03-24,4.7
2023-03-25,4.7
2023-03-26,4.7
2023-03-27,4.89
2023-03-28,4.77
2023-03-29,4.77
2023-03-30,4.94
2023-03-31,4.81
2023-04-01,4.81
2023-04-02,4.81
2023-04-03,4.91
2023-04-04,4.88
2023-04-05,4.86
2023-04-06,4.91
2023-04-07,4.95
2023-04-08,4.95
2023-04-09,4.95
2023-04-10,5.09
2023-04-11,5.03
2023-04-12,5.01
2023-04-13,5.1
2023-04-14,5.12
2023-04-15,5.12
2023-04-16,5.12
2023-04-17,5.21
2023-04-18,5.19
2023-04-19,5.16
2023-04-20,5.12
2023-04-21,5.12
2023-04-22,5.12
2023-04-23,5.12
2023-04-24,5.19
2023-04-25,5.12
2023-04-26,5.15
2023-04-27,5.18
2023-04-28,5.09
2023-04-29,5.09
2023-04-30,5.09
2023-05-01,5.25
2023-05-02,5.23
2023-05-03,5.24
2023-05-04,5.25
2023-05-05,5.25
2023-05-06,5.25
2023-05-07,5.25
2023-05-08,5.3
2023-05-09,5.28
2023-05-10,5.23
2023-05-11,5.19
2023-05-12,5.23
2023-05-13,5.23
2023-05-14,5.23
2023-05-15,5.21
2023-05-16,5.22
2023-05-17,5.25
2023-05-18,5.29
2023-05-19,5.27
2023-05-20,5.27
2023-05-21,5.27
2023-05-22,5.4
2023-05-23,5.34
2023-05-24,5.37
2023-05-25,5.37
2023-05-26,5.31
2023-05-27,5.31
2023-05-28,5.31
2023-05-29,5.31
2023-05-30,5.44
2023-05-31,5.42
2023-06-01,5.4
2023-06-02,5.39
2023-06-03,5.39
2023-06-04,5.39
2023-06-05,5.36
2023-06-06,5.34
2023-06-07,5.32
2023-06-08,5.27
2023-06-09,5.26
2023-06-10,5.26
2023-06-11,5.26
2023-06-12,5.29
2023-06-13,5.26
2023-06-14,5.25
2023-06-15,5.22
2023-06-16,5.24
2023-06-17,5.24
2023-06-18,5.24
2023-06-19,5.24
2023-06-20,5.29
2023-06-21,5.3
2023-06-22,5.3
2023-06-23,5.3
2023-06-24,5.3
2023-06-25,5.3
2023-06-26,5.4
2023-06-27,5.35
2023-06-28,5.34
2023-06-29,5.36
2023-06-30,5.32
2023-07-01,5.32
2023-07-02,5.32
2023-07-03,5.37
2023-07-04,5.37
2023-07-05,5.37
2023-07-06,5.39
2023-07-07,5.37
2023-07-08,5.37
2023-07-09,5.37
2023-07-10,5.41
2023-07-11,5.41
2023-07-12,5.4
2023-07-13,5.4
2023-07-14,5.41
2023-07-15,5.41
2023-07-16,5.41
2023-07-17,5.42
2023-07-18,5.41
2023-07-19,5.42
2023-07-20,5.42
2023-07-21,5.43
2023-07-22,5.43
2023-07-23,5.43
2023-07-24,5.44
2023-07-25,5.44
2023-07-26,5.44
2023-07-27,5.44
2023-07-28,5.44
2023-07-29,5.44
2023-07-30,5.44
2023-07-31,5.44
2023-08-01,5.43
2023-08-02,5.43
2023-08-03,5.43
2023-08-04,5.44
2023-08-05,5.44
2023-08-06,5.44
2023-08-07,5.45
2023-08-08,5.46
2023-08-09,5.44
2023-08-10,5.44
2023-08-11,5.44
2023-08-12,5.44
2023-08-13,5.44
2023-08-14,5.45
2023-08-15,5.45
2023-08-16,5.45
2023-08-17,5.45
2023-08-18,5.44
2023-08-19,5.44
2023-08-20,5.44
2023-08-21,5.46
2023-08-22,5.46
2023-08-23,5.46
2023-08-24,5.47
2023-08-25,5.5
2023-08-26,5.5
2023-08-27,5.5
2023-08-28,5.5
2023-08-29,5.49
2023-08-30,5.48
2023-08-31,5.48
2023-09-01,5.46
2023-09-02,5.46
2023-09-03,5.46
2023-09-04,5.46
2023-09-05,5.48
2023-09-06,5.47
2023-09-07,5.46
2023-09-08,5.47
2023-09-09,5.47
2023-09-10,5.47
2023-09-11,5.48
2023-09-12,5.48
2023-09-13,5.47
2023-09-14,5.47
2023-09-15,5.48
2023-09-16,5.48
2023-09-17,5.48
2023-09-18,5.47
2023-09-19,5.47
2023-09-20,5.49
2023-09-21,5.49
2023-09-22,5.48
2023-09-23,5.48
2023-09-24,5.48
2023-09-25,5.51
2023-09-26,5.5
2023-09-27,5.5
2023-09-28,5.48
2023-09-29,5.48
2023-09-30,5.48
2023-10-01,5.48
2023-10-02,5.51
2023-10-03,5.51
2023-10-04,5.5
2023-10-05,5.5
2023-10-06,5.52
2023-10-07,5.52
2023-10-08,5.52
2023-10-09,5.52
2023-10-10,5.5
2023-10-11,5.5
2023-10-12,5.51
2023-10-13,5.51
2023-10-14,5.51
2023-10-15,5.51
2023-10-16,5.5
2023-10-17,5.51
2023-10-18,5.5
2023-10-19,5.49
2023-10-20,5.47
2023-10-21,5.47
2023-10-22,5.47
2023-10-23,5.48
2023-10-24,5.47
2023-10-25,5.48
2023-10-26,5.48
2023-10-27,5.48
2023-10-28,5.48
2023-10-29,5.48
2023-10-30,5.49
2023-10-31,5.49
2023-11-01,5.47
2023-11-02,5.44
2023-11-03,5.43
2023-11-04,5.43
2023-11-05,5.43
2023-11-06,5.45
2023-11-07,5.44
2023-11-08,5.44
2023-11-09,5.43
2023-11-10,5.42
2023-11-11,5.42
2023-11-12,5.42
2023-11-13,5.44
2023-11-14,5.42
2023-11-15,5.42
2023-11-16,5.41
2023-11-17,5.41
2023-11-18,5.41
2023-11-19,5.41
2023-11-20,5.43
2023-11-21,5.42
2023-11-22,5.43
2023-11-23,5.43
2023-11-24,5.44
2023-11-25,5.44
2023-11-26,5.44
2023-11-27,5.44
2023-11-28,5.43
2023-11-29,5.41
2023-11-30,5.41
2023-12-01,5.39
2023-12-02,5.39
2023-12-03,5.39
2023-12-04,5.42
2023-12-05,5.41
2023-12-06,5.41
2023-12-07,5.4
2023-12-08,5.4
2023-12-09,5.4
2023-12-10,5.4
2023-12-11,5.42
2023-12-12,5.42
2023-12-13,5.4
2023-12-14,5.39
2023-12-15,5.4
2023-12-16,5.4
2023-12-17,5.4
2023-12-18,5.42
2023-12-19,5.39
2023-12-20,5.4
2023-12-21,5.38
2023-12-22,5.39
2023-12-23,5.39
2023-12-24,5.39
2023-12-25,5.39
2023-12-26,5.41
2023-12-27,5.4
2023-12-28,5.41
2023-12-29,5.35
